Date,d18O
2010-01-01,-9.743199946715142
2010-01-02,-10.231947268994434
2010-01-03,-10.516162296627929
2010-01-04,-11.332962372902006
2010-01-05,-9.87624663556304
2010-01-06,-8.942061993142463
2010-01-07,-8.963307634639708
2010-01-08,-9.988295797928435
2010-01-09,-10.026735222067689
2010-01-10,-9.45720477683711
2010-01-11,-10.156838600373746
2010-01-12,-9.472905214866671
2010-01-13,-9.207027632868664
2010-01-14,-8.942989072944881
2010-01-15,-9.573051887851824
2010-01-16,-9.591472048841737
2010-01-17,-9.89543781643601
2010-01-18,-9.836858895600896
2010-01-19,-9.503800979732436
2010-01-20,-9.174201938221369
2010-01-21,-8.868605548611008
2010-01-22,-9.694700132791997
2010-01-23,-8.514688348625473
2010-01-24,-9.364735081612633
2010-01-25,-9.208225676279216
2010-01-26,-9.539754076916454
2010-01-27,-10.347121325868514
2010-01-28,-8.662087423003692
2010-01-29,-8.7050622063188
2010-01-30,-9.183796138049704
2010-01-31,-8.97956835803309
2010-02-01,-8.725317515272927
2010-02-02,-9.735084321745006
2010-02-03,-9.18917158519192
2010-02-04,-8.498664974697245
2010-02-05,-9.49442084542172
2010-02-06,-8.692311178298489
2010-02-07,-9.489538589141738
2010-02-08,-8.550542008996151
2010-02-09,-8.774446960615645
2010-02-10,-9.537429280979268
2010-02-11,-8.12110670321999
2010-02-12,-9.044768838467748
2010-02-13,-9.056987295197958
2010-02-14,-8.526363440694217
2010-02-15,-8.027522724154531
2010-02-16,-9.085359405541567
2010-02-17,-8.522636624188536
2010-02-18,-8.315524401568831
2010-02-19,-8.160270967303601
2010-02-20,-8.395935967366693
2010-02-21,-8.645452201023826
2010-02-22,-8.853970065490925
2010-02-23,-8.375801264653717
2010-02-24,-8.934108844036222
2010-02-25,-9.83835475759018
2010-02-26,-8.139519862295387
2010-02-27,-7.886438545832653
2010-02-28,-9.500970078555225
2010-03-01,-8.805964393392008
2010-03-02,-7.973619822913618
2010-03-03,-7.237055160581735
2010-03-04,-8.238525160445034
2010-03-05,-8.596560775890573
2010-03-06,-8.308167830958645
2010-03-07,-7.513969407319856
2010-03-08,-8.509609945366671
2010-03-09,-8.571980704031805
2010-03-10,-8.400054127470531
2010-03-11,-8.622189211693449
2010-03-12,-8.07158105976676
2010-03-13,-7.308520798859096
2010-03-14,-7.947820269615722
2010-03-15,-8.224596006137977
2010-03-16,-8.233946946769619
2010-03-17,-8.859824553233333
2010-03-18,-7.6274307797977485
2010-03-19,-8.099232204571813
2010-03-20,-8.142455484965328
2010-03-21,-6.448140047114241
2010-03-22,-7.888374286273733
2010-03-23,-8.407283836049526
2010-03-24,-8.238787223520756
2010-03-25,-7.446189939467479
2010-03-26,-7.959167749147579
2010-03-27,-8.730919259754199
2010-03-28,-7.548731465692279
2010-03-29,-8.339573000614807
2010-03-30,-7.066597298956943
2010-03-31,-7.461558255006725
2010-04-01,-8.224170700444228
2010-04-02,-7.359520717831007
2010-04-03,-7.966212113143887
2010-04-04,-7.5744557913431
2010-04-05,-7.7597705635830465
2010-04-06,-8.42720084286424
2010-04-07,-8.328273616515945
2010-04-08,-7.49458438566196
2010-04-09,-8.180607556401483
2010-04-10,-8.219287138063548
2010-04-11,-8.4998538768335
2010-04-12,-7.81590797052008
2010-04-13,-7.002443592934128
2010-04-14,-8.574052916935404
2010-04-15,-8.035337049489756
2010-04-16,
2010-04-17,-8.103319195389513
2010-04-18,-7.846199255601671
2010-04-19,-8.613038984005215
2010-04-20,-7.877713351280499
2010-04-21,-8.19602835962238
2010-04-22,-7.620742070246895
2010-04-23,-7.53162309728887
2010-04-24,-6.842798106166304
2010-04-25,-7.860578264736194
2010-04-26,-8.000858945140044
2010-04-27,-8.080470578546006
2010-04-28,-8.368690760560542
2010-04-29,-8.037845561688039
2010-04-30,-8.37029860941093
2010-05-01,-8.154403799004898
2010-05-02,-7.596393118586098
2010-05-03,-8.77553708507235
2010-05-04,-7.719911702256091
2010-05-05,-7.6493846901466
2010-05-06,-8.385568435426555
2010-05-07,-9.4065487750118
2010-05-08,-8.669109029897378
2010-05-09,-7.736761238114747
2010-05-10,-8.417230845575054
2010-05-11,-8.926457983974252
2010-05-12,-8.700669915000145
2010-05-13,-8.049907205879478
2010-05-14,-8.219237887113483
2010-05-15,-8.634904235410882
2010-05-16,-8.72212321207036
2010-05-17,-8.758295319945065
2010-05-18,-9.04775198109402
2010-05-19,-7.803407951047527
2010-05-20,-8.797215936424745
2010-05-21,-8.05283996050474
2010-05-22,-7.926520821642898
2010-05-23,-8.214171510117037
2010-05-24,-8.955665974390287
2010-05-25,-8.564892528640419
2010-05-26,-8.806122069056515
2010-05-27,-9.273498755900471
2010-05-28,-8.687440437715244
2010-05-29,-9.467452643123165
2010-05-30,-8.31273776003203
2010-05-31,-9.167854370954316
2010-06-01,-8.864249151557203
2010-06-02,-8.852774624668319
2010-06-03,-9.153758195967415
2010-06-04,-8.761134680689809
2010-06-05,-9.322389076162759
2010-06-06,-8.680015047337234
2010-06-07,
2010-06-08,-9.114702700852723
2010-06-09,-8.239911922941028
2010-06-10,-9.7412599748537
2010-06-11,-9.611909260296613
2010-06-12,-9.048240432801988
2010-06-13,-9.24776665342683
2010-06-14,-9.194801708905317
2010-06-15,-9.158268800198728
2010-06-16,-9.118423940355276
2010-06-17,-8.914024023413775
2010-06-18,-9.297211054428212
2010-06-19,-9.65614297929113
2010-06-20,-9.232758519305175
2010-06-21,-8.652763146792049
2010-06-22,-9.702797298008536
2010-06-23,-10.157628959020926
2010-06-24,
2010-06-25,-9.79860523026328
2010-06-26,-10.858895743835118
2010-06-27,-9.383063757662383
2010-06-28,-10.10870949312972
2010-06-29,-9.92062988244343
2010-06-30,-9.74372779916755
2010-07-01,-9.848849563630047
2010-07-02,-9.623771475903435
2010-07-03,-10.230644913681132
2010-07-04,-9.790749355402422
2010-07-05,-10.21146212187855
2010-07-06,-9.74664589821381
2010-07-07,-9.84269541082299
2010-07-08,-10.65238201841308
2010-07-09,-9.675900479210314
2010-07-10,-10.521037356234391
2010-07-11,-9.88311594768305
2010-07-12,-10.137505432489316
2010-07-13,-9.435966459976509
2010-07-14,-10.50059543128125
2010-07-15,-10.597209909223459
2010-07-16,-10.465825345386907
2010-07-17,-10.641134493211656
2010-07-18,-10.122857846051287
2010-07-19,-11.364113583015854
2010-07-20,-11.11576445314678
2010-07-21,-11.155615397276604
2010-07-22,-10.179166858257402
2010-07-23,-9.831427061701813
2010-07-24,-10.771168235445582
2010-07-25,-10.835351618970245
2010-07-26,-10.74768959156546
2010-07-27,-10.233319819404407
2010-07-28,-11.309237883060643
2010-07-29,-10.757428954657646
2010-07-30,-10.419807357171475
2010-07-31,-10.687383297045342
2010-08-01,-10.873386234978579
2010-08-02,-10.497614159093494
2010-08-03,-12.37941814911824
2010-08-04,-10.718224996946404
2010-08-05,-11.413248320930576
2010-08-06,-12.030253323293806
2010-08-07,-10.88773204284292
2010-08-08,-10.484562207033223
2010-08-09,-11.267827240353144
2010-08-10,-10.75002237899803
2010-08-11,-10.447314264022337
2010-08-12,-10.622618989616676
2010-08-13,-10.486337979968162
2010-08-14,-10.961113966186009
2010-08-15,-11.319924146521675
2010-08-16,-12.183685378367398
2010-08-17,-11.530386059023
2010-08-18,-11.853213996223424
2010-08-19,-10.36993159270394
2010-08-20,-11.566727433408017
2010-08-21,
2010-08-22,-11.248485412758063
2010-08-23,-11.524475427954979
2010-08-24,-10.720342113150464
2010-08-25,-11.900319339200426
2010-08-26,-11.512347746598069
2010-08-27,-12.001067261181182
2010-08-28,-12.309541424557075
2010-08-29,-11.974624792498549
2010-08-30,-11.705974916582749
2010-08-31,-11.92032455579755
2010-09-01,-12.069596122742633
2010-09-02,-12.443746576373051
2010-09-03,-11.798827774636349
2010-09-04,-12.525802313181487
2010-09-05,-11.409056492108098
2010-09-06,-11.762977526393115
2010-09-07,-12.547552190462051
2010-09-08,-11.987421811913624
2010-09-09,-12.222393948724699
2010-09-10,-11.699680608726949
2010-09-11,-11.201444571658415
2010-09-12,-12.821104103021796
2010-09-13,-11.837295538914061
2010-09-14,-11.985604982217023
2010-09-15,-11.5800346726301
2010-09-16,-11.818705635313453
2010-09-17,-12.310318125464873
2010-09-18,-12.102317537200808
2010-09-19,-12.348685704555312
2010-09-20,-11.419974178182565
2010-09-21,-11.954047497357875
2010-09-22,-11.0202521657074
2010-09-23,-12.006738896895595
2010-09-24,-12.335588003778353
2010-09-25,-12.742631623377806
2010-09-26,-12.891146449346627
2010-09-27,-12.78485801914019
2010-09-28,-11.861850459914491
2010-09-29,-11.743084536545826
2010-09-30,-12.78948458520004
2010-10-01,-11.552220759685662
2010-10-02,
2010-10-03,-11.926269433547434
2010-10-04,-11.192630987580282
2010-10-05,-11.548805546235181
2010-10-06,-12.12938341951064
2010-10-07,-12.438016712112304
2010-10-08,-13.06504121460592
2010-10-09,-12.344834471490229
2010-10-10,-12.08635975948436
2010-10-11,-12.469335082845678
2010-10-12,-12.035739827189156
2010-10-13,-11.925468438893908
2010-10-14,-12.069524260064446
2010-10-15,-12.274720312086556
2010-10-16,-11.857437484979403
2010-10-17,-11.71226569601549
2010-10-18,-12.469334683717713
2010-10-19,-11.208998696773488
2010-10-20,-11.953522173478351
2010-10-21,-11.884003024820348
2010-10-22,-11.52796005786196
2010-10-23,-11.753541703071365
2010-10-24,-11.38111054355499
2010-10-25,-11.701096152657197
2010-10-26,-12.137310433275314
2010-10-27,-11.636231644541965
2010-10-28,-12.374200497372644
2010-10-29,-11.732878186759729
2010-10-30,-11.788064832089358
2010-10-31,-11.859275862015949
2010-11-01,-11.802734388634425
2010-11-02,-12.662123915249055
2010-11-03,-11.977786275364318
2010-11-04,-11.63872172940265
2010-11-05,-11.586437681179657
2010-11-06,-12.16093204037418
2010-11-07,-10.994481740458848
2010-11-08,-12.040182721175075
2010-11-09,-11.101650767627
2010-11-10,-11.351596822599724
2010-11-11,-11.866659128015469
2010-11-12,-10.633784736408066
2010-11-13,-12.09570308958263
2010-11-14,
2010-11-15,-10.952158670186819
2010-11-16,-11.76389433907653
2010-11-17,-10.708063248777231
2010-11-18,-11.504615266630653
2010-11-19,-11.210133061741969
2010-11-20,-11.1988060116601
2010-11-21,-11.370215093748879
2010-11-22,-10.871364781769437
2010-11-23,-10.85335493694477
2010-11-24,-12.0973257382173
2010-11-25,-10.543488161478836
2010-11-26,-11.999148993733238
2010-11-27,-10.623529013054696
2010-11-28,-10.548011376538305
2010-11-29,-11.628080119314832
2010-11-30,-11.2589166495984
2010-12-01,-11.576962690865896
2010-12-02,-11.101868672038243
2010-12-03,-11.118428837885576
2010-12-04,-10.544299583620191
2010-12-05,-10.248417206605962
2010-12-06,-10.174904022814207
2010-12-07,-11.122746030480462
2010-12-08,-10.914939981713777
2010-12-09,-11.620475379200878
2010-12-10,-11.149888108074236
2010-12-11,-10.232503014580994
2010-12-12,-9.874901616715958
2010-12-13,-11.267429641939781
2010-12-14,-10.913857092108955
2010-12-15,-10.598014832381617
2010-12-16,-10.411745310596118
2010-12-17,-10.923478291911634
2010-12-18,-10.273343166933147
2010-12-19,-10.688846890031497
2010-12-20,-10.425573146731853
2010-12-21,-10.111500886476339
2010-12-22,-10.347614052703088
2010-12-23,-10.535096495184957
2010-12-24,-10.3376930373388
2010-12-25,-10.292970489282267
2010-12-26,-10.39962177825379
2010-12-27,-10.30977803987424
2010-12-28,-9.346766791169737
2010-12-29,-9.831297789840127
2010-12-30,-10.225131739367633
2010-12-31,-9.694525543226261
2011-01-01,-10.175510930283968
2011-01-02,-9.38763476130784
2011-01-03,-9.754979514196437
2011-01-04,-9.95907302645985
2011-01-05,
2011-01-06,-10.622196845227869
2011-01-07,-10.365878292763355
2011-01-08,-10.36525129566057
2011-01-09,
2011-01-10,-8.833835563992563
2011-01-11,-8.550473207973567
2011-01-12,-9.313226747176966
2011-01-13,-9.348067899714124
2011-01-14,-10.465375656779806
2011-01-15,-9.802669110923404
2011-01-16,-9.891848194702355
2011-01-17,-9.775152788368025
2011-01-18,-9.515731964332858
2011-01-19,-9.63480459062045
2011-01-20,-10.355686370486838
2011-01-21,-8.959546100776645
2011-01-22,-9.837534732951108
2011-01-23,-9.149408576317802
2011-01-24,-8.20007576697943
2011-01-25,-9.665120240451834
2011-01-26,-10.439117675490603
2011-01-27,-9.285766428924601
2011-01-28,-8.56132857418228
2011-01-29,-8.101941568454812
2011-01-30,-9.665468909442339
2011-01-31,-8.772204232133948
2011-02-01,-9.223358637553721
2011-02-02,-9.0141258188265
2011-02-03,-7.609735612619339
2011-02-04,-9.654464160596856
2011-02-05,-8.74750550208775
2011-02-06,-8.612258173836652
2011-02-07,-8.275282480300014
2011-02-08,-8.74160466992559
2011-02-09,-8.609349462828384
2011-02-10,-8.932343439522745
2011-02-11,-8.575473992729957
2011-02-12,-8.855533629309974
2011-02-13,-8.34744101891166
2011-02-14,-8.817718656368367
2011-02-15,-8.419454358795429
2011-02-16,-8.598138943835993
2011-02-17,-7.996404555763374
2011-02-18,-8.561474975033551
2011-02-19,-9.399076066245959
2011-02-20,-7.85882095816501
2011-02-21,-8.920316633222331
2011-02-22,-8.772455932442936
2011-02-23,-8.721985670495501
2011-02-24,-7.71598455512504
2011-02-25,-9.450561804680722
2011-02-26,-6.793850104623717
2011-02-27,-7.815180136882748
2011-02-28,-8.212563525561059
2011-03-01,-8.33310032536039
2011-03-02,-8.144848014490561
2011-03-03,-8.009542283893461
2011-03-04,
2011-03-05,-7.958798903456707
2011-03-06,-8.175839901930166
2011-03-07,-8.303855102949349
2011-03-08,-8.265909299230442
2011-03-09,-8.273349089624412
2011-03-10,-7.5951719750904125
2011-03-11,-7.851984613355784
2011-03-12,-9.606211053620013
2011-03-13,-7.79587169245099
2011-03-14,-8.014814519015596
2011-03-15,-8.110456165792922
2011-03-16,-8.284842099840798
2011-03-17,-7.518572626277089
2011-03-18,-7.597479840945081
2011-03-19,-8.448866741860435
2011-03-20,-7.850659959083062
2011-03-21,-8.532348462250035
2011-03-22,-8.72924123584028
2011-03-23,-8.346282987775522
2011-03-24,-7.595801950648385
2011-03-25,-7.545094318342047
2011-03-26,-7.760357708740991
2011-03-27,-7.65018293419627
2011-03-28,-7.751060157813614
2011-03-29,-8.326897697484826
2011-03-30,-7.787793236289814
2011-03-31,-7.6017380759237785
2011-04-01,-7.623576760801391
2011-04-02,-7.405636945540933
2011-04-03,-7.645904717717703
2011-04-04,-7.824887363003251
2011-04-05,-7.466682824305686
2011-04-06,-8.01675636175144
2011-04-07,-8.446761644137311
2011-04-08,-8.090276495559223
2011-04-09,-8.384702276032979
2011-04-10,-8.353936238081987
2011-04-11,-8.093289577724438
2011-04-12,-8.422508953628387
2011-04-13,
2011-04-14,-8.98539424583607
2011-04-15,-7.938955590948756
2011-04-16,-8.052593576910027
2011-04-17,-8.46991059061272
2011-04-18,-7.740487074258729
2011-04-19,-7.610639558584989
2011-04-20,-8.893087607657929
2011-04-21,-8.481118517430634
2011-04-22,-8.495338068448929
2011-04-23,-8.592288263988499
2011-04-24,-7.719724743122169
2011-04-25,-8.244052726787688
2011-04-26,-8.292622862554866
2011-04-27,-9.176066786063826
2011-04-28,-7.870737053366879
2011-04-29,-8.822921798462708
2011-04-30,-8.188704493092885
2011-05-01,-8.095887670403705
2011-05-02,-7.5706745899435255
2011-05-03,-8.922359391990678
2011-05-04,-9.795163116609785
2011-05-05,-8.211447488233171
2011-05-06,-7.421583951209438
2011-05-07,-7.721330241528533
2011-05-08,-8.255428569356845
2011-05-09,-8.626016454762832
2011-05-10,-7.997056473945607
2011-05-11,-8.908283565366721
2011-05-12,-8.204691374535312
2011-05-13,-8.211955753071152
2011-05-14,-7.956860775029433
2011-05-15,-7.1298583366309805
2011-05-16,-8.336644006997023
2011-05-17,-8.810931590640168
2011-05-18,-8.593261890817676
2011-05-19,-9.489457704465455
2011-05-20,-8.977134161554703
2011-05-21,
2011-05-22,-8.942746419697015
2011-05-23,-8.63057649602737
2011-05-24,-9.144398301867684
2011-05-25,-8.199482275599209
2011-05-26,-8.78707028704435
2011-05-27,-8.819359085094062
2011-05-28,-9.006542134501258
2011-05-29,-8.79322778086192
2011-05-30,-8.486836478608877
2011-05-31,-9.361838896454334
2011-06-01,-9.286537351821073
2011-06-02,-9.138855939061042
2011-06-03,-9.689741968889885
2011-06-04,-9.456539962267193
2011-06-05,
2011-06-06,-8.670762603762261
2011-06-07,-9.007600101535289
2011-06-08,-9.073264201305516
2011-06-09,-8.776034159706246
2011-06-10,-9.301829312776416
2011-06-11,
2011-06-12,-9.348746190279497
2011-06-13,-9.196766820332153
2011-06-14,-9.653338432182883
2011-06-15,-10.614067597426835
2011-06-16,-9.494677644428789
2011-06-17,-8.749212441029774
2011-06-18,-9.030686874833343
2011-06-19,-9.044453694861987
2011-06-20,-8.942584860659126
2011-06-21,-9.54994922115408
2011-06-22,-9.52936801766688
2011-06-23,-9.970709746950881
2011-06-24,-9.85387820913483
2011-06-25,-9.422004193433738
2011-06-26,-9.162075466896116
2011-06-27,-9.867938571445693
2011-06-28,-10.057567525455168
2011-06-29,-9.866515946991635
2011-06-30,-9.600523007308926
2011-07-01,-10.657429503488162
2011-07-02,-11.117987371605553
2011-07-03,-10.279569027391341
2011-07-04,-10.649059250593728
2011-07-05,-10.327164118599896
2011-07-06,-10.181353531628146
2011-07-07,-10.36842512903333
2011-07-08,-9.449862748413937
2011-07-09,-10.046967614683538
2011-07-10,-10.094284055525518
2011-07-11,-9.967526543887962
2011-07-12,-10.882073104244755
2011-07-13,-9.827034560987011
2011-07-14,-10.418303945616
2011-07-15,-10.078900268447075
2011-07-16,-10.98366541744754
2011-07-17,-11.258079915272482
2011-07-18,-10.105577039609662
2011-07-19,-10.35948618663235
2011-07-20,-11.031723737355287
2011-07-21,-11.048364673440359
2011-07-22,-10.083469358897307
2011-07-23,-11.273355098784242
2011-07-24,-9.889574253765884
2011-07-25,-11.193272305838512
2011-07-26,-10.455597329440382
2011-07-27,-10.970704610048664
2011-07-28,-10.536165111198313
2011-07-29,-11.14093137604682
2011-07-30,-10.981129262369707
2011-07-31,-10.909865410565946
2011-08-01,-11.461735616950316
2011-08-02,-10.620262337755069
2011-08-03,-11.277020758580411
2011-08-04,-11.164151440981929
2011-08-05,-11.576153010639079
2011-08-06,-12.388952705710414
2011-08-07,-11.231779498927418
2011-08-08,-9.958101408858438
2011-08-09,-10.799905910361394
2011-08-10,-11.229284385279062
2011-08-11,-11.378184835818686
2011-08-12,-11.262222770358372
2011-08-13,-11.026235618692107
2011-08-14,-11.916156413145098
2011-08-15,-10.79415167661131
2011-08-16,-11.018784509563835
2011-08-17,-11.042137626621843
2011-08-18,-11.20633329561683
2011-08-19,-11.43968166227762
2011-08-20,-11.136549271835703
2011-08-21,-11.200126843195557
2011-08-22,-11.69566558528103
2011-08-23,-11.827608044447086
2011-08-24,-11.511584988928504
2011-08-25,-10.809246666597241
2011-08-26,-12.224085226856866
2011-08-27,-12.35859446185
2011-08-28,-11.56227073442016
2011-08-29,-11.638539951438382
2011-08-30,-11.59615321793111
2011-08-31,-11.579189724201528
2011-09-01,-11.830606321028485
2011-09-02,-10.991403663672392
2011-09-03,-12.553603751899272
2011-09-04,-12.183697868926647
2011-09-05,-11.836850721954253
2011-09-06,-12.622063456491677
2011-09-07,-11.903109174406564
2011-09-08,-10.998622669053411
2011-09-09,-11.832548951106007
2011-09-10,-11.740730814689742
2011-09-11,-12.498703478121929
2011-09-12,-12.188788672496539
2011-09-13,-12.079636529425986
2011-09-14,-12.061766373844794
2011-09-15,-11.272394312831134
2011-09-16,-11.644111913379476
2011-09-17,-12.487858621574556
2011-09-18,-11.81747770500767
2011-09-19,-11.699645377834686
2011-09-20,-11.386131222354388
2011-09-21,-11.172806015111506
2011-09-22,-12.476913165212991
2011-09-23,-12.380501768703628
2011-09-24,-12.608984430474726
2011-09-25,-12.101741946782836
2011-09-26,-11.755502032082937
2011-09-27,-11.498374680320715
2011-09-28,-12.03278869248718
2011-09-29,-12.156917887030378
2011-09-30,-11.922705131325369
2011-10-01,-12.417154167114095
2011-10-02,-10.955220235605097
2011-10-03,-12.803635161066582
2011-10-04,-11.9066576347458
2011-10-05,-10.985856546740917
2011-10-06,-11.992300326606243
2011-10-07,-12.088169799106119
2011-10-08,-12.168733220494685
2011-10-09,-12.076477701328944
2011-10-10,-11.295541201709034
2011-10-11,-13.08299347785144
2011-10-12,-11.20485771006972
2011-10-13,
2011-10-14,-12.09217633712082
2011-10-15,-12.166239721258668
2011-10-16,-11.649530699809656
2011-10-17,-12.73448413035938
2011-10-18,-11.695377518604769
2011-10-19,-10.904780865583023
2011-10-20,-12.58842725299614
2011-10-21,-11.801327475659534
2011-10-22,-12.215950846793877
2011-10-23,-11.660237563311446
2011-10-24,-11.85127438176875
2011-10-25,-12.168708174126042
2011-10-26,-11.590598183804186
2011-10-27,-10.918387009760231
2011-10-28,-11.901500965622093
2011-10-29,-11.431123664812917
2011-10-30,-12.422062694456733
2011-10-31,-12.237542606383263
2011-11-01,-11.506498869087093
2011-11-02,-10.983505890250767
2011-11-03,-11.530108504496386
2011-11-04,-11.84629006894211
2011-11-05,-11.671461198278752
2011-11-06,-12.277162107867655
2011-11-07,-11.33006307657655
2011-11-08,-11.171033677495558
2011-11-09,-11.817647767997283
2011-11-10,-11.805555087567742
2011-11-11,-11.416061564687102
2011-11-12,-11.745368839136468
2011-11-13,-11.53763170351036
2011-11-14,-10.431815701588606
2011-11-15,
2011-11-16,-11.613760619212382
2011-11-17,-11.734178126595465
2011-11-18,-11.013710556415237
2011-11-19,-11.451407864710273
2011-11-20,-11.660068851834112
2011-11-21,-10.648921709992596
2011-11-22,-10.573576093393408
2011-11-23,-11.557013475962592
2011-11-24,-12.16312385837558
2011-11-25,
2011-11-26,-11.517189456112767
2011-11-27,-10.751546483857922
2011-11-28,-12.103556558388604
2011-11-29,-10.6435203629556
2011-11-30,-11.666396884333121
2011-12-01,-10.666106836728998
2011-12-02,-10.994725104754108
2011-12-03,-11.448907623803418
2011-12-04,-11.145244733935503
2011-12-05,-10.56807734031558
2011-12-06,-10.82752968399704
2011-12-07,-10.557250214795792
2011-12-08,-9.82996483934621
2011-12-09,-11.568792249887622
2011-12-10,-9.94631868023931
2011-12-11,-10.67077712821002
2011-12-12,-11.140163316336771
2011-12-13,-11.323539889909487
2011-12-14,-10.720360231148424
2011-12-15,-10.132206754218865
2011-12-16,-10.623862657137456
2011-12-17,-9.771401179513761
2011-12-18,-11.219301095892748
2011-12-19,-10.466346233325515
2011-12-20,-11.052950779448416
2011-12-21,-10.211264130377387
2011-12-22,-9.915846072371975
2011-12-23,-10.535774040369311
2011-12-24,-11.593507158884268
2011-12-25,-10.157847014197962
2011-12-26,-10.004796523305249
2011-12-27,-9.98679709491658
2011-12-28,-9.536776138002566
2011-12-29,-10.655871066731514
2011-12-30,-9.74587755538222
2011-12-31,-9.455347788544096
2012-01-01,-10.906496003734686
2012-01-02,-9.822971875309081
2012-01-03,-10.200488370720755
2012-01-04,-9.95477572844338
2012-01-05,-9.70581753132384
2012-01-06,-10.088947048143133
2012-01-07,-10.148909567183383
2012-01-08,-9.759757992083987
2012-01-09,-10.286301881835195
2012-01-10,-10.251512333871897
2012-01-11,-9.334920214992968
2012-01-12,-10.2151072501587
2012-01-13,-9.273763677855522
2012-01-14,-9.34195029633117
2012-01-15,-10.402601604992814
2012-01-16,-9.845069075300858
2012-01-17,-8.875966653838876
2012-01-18,-9.930494668621156
2012-01-19,-9.639170320973596
2012-01-20,-9.143169517614144
2012-01-21,-8.949921668318716
2012-01-22,-9.434998150847047
2012-01-23,-9.575800000374196
2012-01-24,-8.533890101427128
2012-01-25,-8.34387872406912
2012-01-26,-8.692385843005153
2012-01-27,-9.107884223685451
2012-01-28,-9.523655950265807
2012-01-29,-9.503985634484353
2012-01-30,-8.797016369895008
2012-01-31,-8.81886297545056
2012-02-01,-8.297339064854466
2012-02-02,-8.643286057469673
2012-02-03,-9.690729231187179
2012-02-04,-8.384207159033283
2012-02-05,-9.380525664124523
2012-02-06,-9.045126352536874
2012-02-07,-8.70002535364139
2012-02-08,-7.799624116361055
2012-02-09,-7.215186839302053
2012-02-10,-8.439836777338668
2012-02-11,-8.808220713709966
2012-02-12,-8.423173449630625
2012-02-13,-8.220789954389685
2012-02-14,-8.799538034677372
2012-02-15,-7.7165877798786315
2012-02-16,-8.474557396626418
2012-02-17,-8.316537912252535
2012-02-18,-8.208688529769185
2012-02-19,-8.307530098520914
2012-02-20,-8.075964353567748
2012-02-21,-8.78161762215729
2012-02-22,-8.730150197459887
2012-02-23,-8.979543102797855
2012-02-24,-8.188646783109148
2012-02-25,-7.99833153958668
2012-02-26,-8.138792827169823
2012-02-27,-7.510795542443436
2012-02-28,-8.331691108424096
2012-02-29,-7.975868118523209
2012-03-01,-8.837935259180444
2012-03-02,-8.467985946718455
2012-03-03,-7.909529113189832
2012-03-04,-7.81612452665417
2012-03-05,-8.371557258310942
2012-03-06,-8.244796990042028
2012-03-07,-8.95288780358196
2012-03-08,-8.3579535357497
2012-03-09,-7.720274092000386
2012-03-10,-7.864432772342832
2012-03-11,-7.888818868832768
2012-03-12,-8.101931990001559
2012-03-13,-8.11150866279034
2012-03-14,-8.43398001027199
2012-03-15,-7.743745539198995
2012-03-16,-7.872577850578857
2012-03-17,-7.8275267243578615
2012-03-18,-8.327595466916284
2012-03-19,-9.132864125240605
2012-03-20,-7.499806133013817
2012-03-21,-8.28056855550059
2012-03-22,
2012-03-23,-7.681685983325122
2012-03-24,-8.218943797772878
2012-03-25,-7.48806636892939
2012-03-26,-7.705215164763912
2012-03-27,-7.66820482931029
2012-03-28,-8.689827573994895
2012-03-29,-7.398327758420558
2012-03-30,-7.871715078027336
2012-03-31,-8.18561064542944
2012-04-01,-7.9285011188213215
2012-04-02,-8.888128019996676
2012-04-03,-7.79609087796058
2012-04-04,-8.516101626641296
2012-04-05,-8.67934101751881
2012-04-06,-8.766366412443025
2012-04-07,-7.451613873889771
2012-04-08,-8.32595047754029
2012-04-09,-7.248404127812406
2012-04-10,-8.28770523050873
2012-04-11,-8.878605965698013
2012-04-12,-8.588896150675273
2012-04-13,-7.419017831600836
2012-04-14,-8.121743347353313
2012-04-15,-8.32538739616222
2012-04-16,-7.979260792849933
2012-04-17,-7.816978988810186
2012-04-18,-7.51834314830673
2012-04-19,-7.362534174720516
2012-04-20,-8.276975497427866
2012-04-21,-8.770985503777002
2012-04-22,-8.326124612084836
2012-04-23,-8.001238651172917
2012-04-24,-8.62579819555622
2012-04-25,-8.635583262193531
2012-04-26,-7.998748307307633
2012-04-27,-8.209144203594697
2012-04-28,-8.183132451379613
2012-04-29,-8.594024325470304
2012-04-30,-8.34575100056636
2012-05-01,-8.70896480947314
2012-05-02,-7.818565411464172
2012-05-03,-7.76337013892704
2012-05-04,
2012-05-05,-8.781931379979888
2012-05-06,-9.084280825178647
2012-05-07,-8.680360812165029
2012-05-08,-8.416887155921401
2012-05-09,-9.12029092081935
2012-05-10,-8.87717316421782
2012-05-11,-8.939465549481248
2012-05-12,-8.355559177301892
2012-05-13,-8.446682601671357
2012-05-14,-8.864834866602378
2012-05-15,-8.438609674111188
2012-05-16,-8.823850051169016
2012-05-17,-8.710256390141332
2012-05-18,-7.76204346537492
2012-05-19,-7.9532943068203705
2012-05-20,-9.298478094518051
2012-05-21,-8.259383785569735
2012-05-22,-8.29450654647449
2012-05-23,-9.300675927611913
2012-05-24,-8.343871756908015
2012-05-25,-8.011379845381855
2012-05-26,-9.369064348811799
2012-05-27,-9.294342290842234
2012-05-28,-8.354903648950913
2012-05-29,-8.756466468274413
2012-05-30,-8.645283539045417
2012-05-31,-8.779853908487832
2012-06-01,-8.784238064191307
2012-06-02,-9.672561553690407
2012-06-03,-8.515699257629699
2012-06-04,-8.484880005522305
2012-06-05,-9.21496256270045
2012-06-06,-9.152864099917204
2012-06-07,-9.927794924538375
2012-06-08,-8.93647724981691
2012-06-09,-8.93917798689835
2012-06-10,-9.288133569985076
2012-06-11,-8.72691258967088
2012-06-12,-9.48838946313939
2012-06-13,-9.071510285948502
2012-06-14,-9.896299036543049
2012-06-15,-9.431078115260584
2012-06-16,
2012-06-17,-9.372824170357356
2012-06-18,-9.703562932152227
2012-06-19,-9.61799949690837
2012-06-20,-9.17283583721156
2012-06-21,-9.837960316270838
2012-06-22,-10.456698095672193
2012-06-23,-8.812551502542918
2012-06-24,-9.03064284474509
2012-06-25,-10.40161011222188
2012-06-26,-9.444806100392702
2012-06-27,-10.075390869626357
2012-06-28,-9.726455467812649
2012-06-29,-9.745424563273842
2012-06-30,-10.044109880381919
2012-07-01,-10.353179795156548
2012-07-02,-10.340969923512581
2012-07-03,-10.488199062703686
2012-07-04,-10.48040900869383
2012-07-05,-10.132462763251189
2012-07-06,-10.491100068135438
2012-07-07,-9.826501074114226
2012-07-08,-9.458161488726837
2012-07-09,-10.526008935204498
2012-07-10,-10.150407981413002
2012-07-11,-10.054315663727225
2012-07-12,-10.102115065306656
2012-07-13,-10.33399649467228
2012-07-14,-10.034380774185339
2012-07-15,-10.198225302097434
2012-07-16,-11.091678774006073
2012-07-17,-10.071627391851223
2012-07-18,-10.095768072286882
2012-07-19,-10.954104988753649
2012-07-20,-10.58637206398758
2012-07-21,
2012-07-22,-10.775208914757716
2012-07-23,-10.16637566230374
2012-07-24,-9.553033131127131
2012-07-25,-11.159849597740772
2012-07-26,-11.48903916078665
2012-07-27,-10.67803154520827
2012-07-28,-10.500337981400675
2012-07-29,-11.007475992803755
2012-07-30,-10.196072076320633
2012-07-31,-11.622391867455182
2012-08-01,-10.636734181330917
2012-08-02,-11.315937485706735
2012-08-03,-10.182831939612907
2012-08-04,-10.075468534817057
2012-08-05,-11.483942682948978
2012-08-06,-11.40395544516288
2012-08-07,-10.727611280265297
2012-08-08,-11.37885640037
2012-08-09,-11.23553178946267
2012-08-10,-11.227308180467347
2012-08-11,-12.226648242422245
2012-08-12,-11.300164941002885
2012-08-13,-11.664161666302364
2012-08-14,-11.591520500346332
2012-08-15,-10.648406402255418
2012-08-16,-12.023333695118733
2012-08-17,-11.012922671904331
2012-08-18,-11.583031687379483
2012-08-19,-11.607028093661512
2012-08-20,-11.095125695887624
2012-08-21,-11.34300862393668
2012-08-22,-11.25000266873577
2012-08-23,-11.073037410520145
2012-08-24,-11.744143726077173
2012-08-25,-11.90550059498961
2012-08-26,-12.162376901332092
2012-08-27,-12.05244698799532
2012-08-28,-10.184649369347383
2012-08-29,-11.055820667666744
2012-08-30,-12.372164922493992
2012-08-31,-12.375821939672413
2012-09-01,-11.491117776709629
2012-09-02,-11.475363713448166
2012-09-03,-11.490981942958514
2012-09-04,-11.908807088550798
2012-09-05,-11.859434528965478
2012-09-06,-11.647614169448829
2012-09-07,-11.782917892992883
2012-09-08,-12.949284744474207
2012-09-09,-11.96776015788631
2012-09-10,-12.291241053042112
2012-09-11,-11.790057577111678
2012-09-12,-10.396603605143014
2012-09-13,-11.71650303911532
2012-09-14,-12.067457167612757
2012-09-15,-11.459674621613106
2012-09-16,-11.68854614792046
2012-09-17,-11.728586479695455
2012-09-18,-11.643378388801025
2012-09-19,-10.926125772950003
2012-09-20,-12.52685730530378
2012-09-21,
2012-09-22,-12.436891571862363
2012-09-23,-11.701213434462197
2012-09-24,-12.44299615514825
2012-09-25,-12.196432453172788
2012-09-26,-12.138801943531611
2012-09-27,-11.506267321804193
2012-09-28,-11.537277045901883
2012-09-29,
2012-09-30,-11.971921477726033
2012-10-01,-12.354733286056351
2012-10-02,-12.629158824059413
2012-10-03,-12.107786099504008
2012-10-04,-12.152298555690292
2012-10-05,-10.782887248200455
2012-10-06,-11.777363187446301
2012-10-07,-12.679659449006026
2012-10-08,-12.269656174465204
2012-10-09,-11.472407933495663
2012-10-10,-10.934121772534947
2012-10-11,-12.765992969279214
2012-10-12,-12.907037817088982
2012-10-13,-11.025085258868293
2012-10-14,
2012-10-15,-12.379960263292853
2012-10-16,-11.670257548990149
2012-10-17,-13.24663079750193
2012-10-18,-11.917683260431323
2012-10-19,-11.745506540282106
2012-10-20,-11.436763142661114
2012-10-21,-12.394765359771284
2012-10-22,-11.833334338582452
2012-10-23,-12.326695576741919
2012-10-24,-11.723545147666627
2012-10-25,-12.285616137657568
2012-10-26,-12.02815547013204
2012-10-27,-12.30763503999143
2012-10-28,-11.469245986292485
2012-10-29,-11.350144199113878
2012-10-30,-11.880709148520278
2012-10-31,-11.727787154066835
2012-11-01,-12.454192209233643
2012-11-02,-11.862213272084006
2012-11-03,-11.719448983468627
2012-11-04,-10.365420471859375
2012-11-05,-12.21277497147131
2012-11-06,-10.90518700917007
2012-11-07,-11.11884591557572
2012-11-08,-11.456478196044488
2012-11-09,-10.696534734428678
2012-11-10,-11.368374500578046
2012-11-11,-11.337969919375016
2012-11-12,-11.536778617986766
2012-11-13,-10.875655726648171
2012-11-14,-10.915987269855252
2012-11-15,-11.75340896259865
2012-11-16,-12.076116060305885
2012-11-17,-11.493485762951309
2012-11-18,-11.767105793852274
2012-11-19,-11.373535323467992
2012-11-20,-10.697343441096663
2012-11-21,-11.518613364190891
2012-11-22,-11.284892534843937
2012-11-23,-11.20761390001537
2012-11-24,-10.785188312236322
2012-11-25,
2012-11-26,-11.457245387663283
2012-11-27,-11.019982821025227
2012-11-28,-10.496981525387296
2012-11-29,-11.314043937625248
2012-11-30,-11.977124711346507
2012-12-01,-10.699440867853243
2012-12-02,-11.29712735066061
2012-12-03,-11.544139217329052
2012-12-04,-11.231057399291503
2012-12-05,-10.980454287146365
2012-12-06,-11.15960801428456
2012-12-07,-11.928809114432097
2012-12-08,-10.346038956897816
2012-12-09,-10.125445377506225
2012-12-10,-10.405206995956869
2012-12-11,-11.267679615131206
2012-12-12,-10.767244538138348
2012-12-13,-10.637224192315793
2012-12-14,-10.301843503447165
2012-12-15,-10.234169700600498
2012-12-16,-10.902357910146788
2012-12-17,-10.461045903044983
2012-12-18,-10.240027586635989
2012-12-19,-9.70724204922318
2012-12-20,-10.04925659290129
2012-12-21,-9.973219358414896
2012-12-22,-10.291963404965436
2012-12-23,-9.594677363663143
2012-12-24,-10.060967008332435
2012-12-25,-10.662255162625742
2012-12-26,-9.495820456628955
2012-12-27,-9.814289594536872
2012-12-28,-10.350450724778964
2012-12-29,-10.334324529241892
2012-12-30,-9.911911617134137
2012-12-31,-9.794210522265056
2013-01-01,-9.89275268177843
2013-01-02,-9.801342917796932
2013-01-03,-9.072629732358754
2013-01-04,-9.35247091007181
2013-01-05,-9.758591827945397
2013-01-06,-9.34896470107557
2013-01-07,-10.301645688451051
2013-01-08,-9.552247465346998
2013-01-09,-8.812458689757563
2013-01-10,-9.792119397774519
2013-01-11,-10.07299177670099
2013-01-12,-9.94140143381834
2013-01-13,-10.126469507378479
2013-01-14,-9.940453737567816
2013-01-15,-9.699880360129825
2013-01-16,-10.184106977638509
2013-01-17,-9.440364943019281
2013-01-18,-8.964049459204524
2013-01-19,-9.83625312754095
2013-01-20,-8.5901028321793
2013-01-21,-9.061910927246132
2013-01-22,-8.769780876058253
2013-01-23,-9.581964202099929
2013-01-24,-8.793981103376291
2013-01-25,-9.73563790535615
2013-01-26,-8.713214232390431
2013-01-27,-9.041334401894051
2013-01-28,-8.819802810341839
2013-01-29,-9.653667453057569
2013-01-30,-9.483123225345597
2013-01-31,-8.706977733979432
2013-02-01,-9.450063645489175
2013-02-02,-8.714887348329333
2013-02-03,-9.600971999022887
2013-02-04,-8.464548948714572
2013-02-05,-9.476459542158734
2013-02-06,-8.555947031444836
2013-02-07,-8.491526250259094
2013-02-08,-9.125326157616579
2013-02-09,-8.458887419236767
2013-02-10,-8.593009949983893
2013-02-11,-8.966360205082767
2013-02-12,-9.175310410992395
2013-02-13,-9.626832969454394
2013-02-14,-8.445582967018977
2013-02-15,-9.37810548687163
2013-02-16,
2013-02-17,-8.679274278832818
2013-02-18,-8.184542991674626
2013-02-19,-8.652138076040544
2013-02-20,-8.643283710460727
2013-02-21,-8.090519174762285
2013-02-22,-8.267276981922379
2013-02-23,-8.255542653518242
2013-02-24,-8.158270908027918
2013-02-25,-9.140450400712353
2013-02-26,
2013-02-27,-8.027399725814842
2013-02-28,-8.82319738431504
2013-03-01,-8.418616415343264
2013-03-02,-8.298454251313581
2013-03-03,-8.328782759285911
2013-03-04,-8.077852583336055
2013-03-05,-7.512866772317281
2013-03-06,-7.671958596515598
2013-03-07,-8.853772203003391
2013-03-08,-7.871981597701959
2013-03-09,-7.504441594277203
2013-03-10,-7.961937504397292
2013-03-11,-7.596830926895403
2013-03-12,-7.123715008446503
2013-03-13,-7.60607795745627
2013-03-14,-7.9819178658863645
2013-03-15,-7.573227655621402
2013-03-16,-8.01309119680493
2013-03-17,-8.063913333361231
2013-03-18,-8.242471097056674
2013-03-19,-7.276528499621179
2013-03-20,-8.459495311296177
2013-03-21,-7.276719868500536
2013-03-22,-7.786173557756521
2013-03-23,-8.729541743757968
2013-03-24,-7.8404300342342035
2013-03-25,-9.0692186137553
2013-03-26,-7.701988179715463
2013-03-27,-7.568250744564238
2013-03-28,-8.303757378421368
2013-03-29,-7.943108056464486
2013-03-30,-7.02569607895691
2013-03-31,-8.254132050422974
2013-04-01,-8.529787853988092
2013-04-02,-7.2591694547193155
2013-04-03,-7.018966488010884
2013-04-04,-7.9992629298921045
2013-04-05,-7.496821434135026
2013-04-06,-7.333848256814327
2013-04-07,-8.378452068631745
2013-04-08,-8.25307630646528
2013-04-09,-7.39878831635124
2013-04-10,
2013-04-11,-7.742151079924539
2013-04-12,-8.469059668167123
2013-04-13,-7.0417661224564325
2013-04-14,-8.307507701424118
2013-04-15,-8.216896114432156
2013-04-16,-7.886040513387688
2013-04-17,-7.28858633004715
2013-04-18,
2013-04-19,-7.876862538963711
2013-04-20,-7.862817150507242
2013-04-21,-8.083434087190497
2013-04-22,-7.837412374541823
2013-04-23,
2013-04-24,-8.289035865598361
2013-04-25,-8.0330232866122
2013-04-26,-8.742689768421062
2013-04-27,-7.988061900364633
2013-04-28,-8.298038207632692
2013-04-29,-7.333177676889356
2013-04-30,
2013-05-01,-8.47562779623708
2013-05-02,-8.334831011246212
2013-05-03,-8.31358814999849
2013-05-04,-8.520156294540891
2013-05-05,-8.215030989927394
2013-05-06,-8.710400787397887
2013-05-07,-8.915777498522038
2013-05-08,-8.058812419717707
2013-05-09,-8.075583733672405
2013-05-10,-8.813163221496795
2013-05-11,-7.984454651252859
2013-05-12,-8.769512213441462
2013-05-13,-8.34918928020271
2013-05-14,
2013-05-15,-8.538021755160004
2013-05-16,-8.317226592476588
2013-05-17,-8.826624123378457
2013-05-18,-8.69087847675602
2013-05-19,-8.720227243021354
2013-05-20,-9.015648207297648
2013-05-21,-8.756209369835936
2013-05-22,-9.46798890477801
2013-05-23,-8.96550065716235
2013-05-24,-8.888984353668176
2013-05-25,-8.901630223648187
2013-05-26,-8.921645739896089
2013-05-27,-8.859490620315363
2013-05-28,-8.616945898351554
2013-05-29,-8.44780458806816
2013-05-30,-9.238672134057264
2013-05-31,-9.544437770982716
2013-06-01,-9.49322020350293
2013-06-02,-9.245464255220401
2013-06-03,-9.207783615630305
2013-06-04,-9.447067651083463
2013-06-05,-9.74065216006226
2013-06-06,-9.351446967712052
2013-06-07,-9.063725373977658
2013-06-08,-8.888226296373714
2013-06-09,-9.495995853432103
2013-06-10,-9.455558153696474
2013-06-11,-9.744405528246809
2013-06-12,-9.328985837194608
2013-06-13,-9.769893662851214
2013-06-14,-9.091722156892393
2013-06-15,-10.304010002393456
2013-06-16,-9.62385655742867
2013-06-17,-9.326617533381818
2013-06-18,-9.41853814004423
2013-06-19,-8.197367625566708
2013-06-20,-9.402548476551686
2013-06-21,-10.113164858325677
2013-06-22,-9.692673825170463
2013-06-23,
2013-06-24,-9.753155027824752
2013-06-25,-10.163472394823009
2013-06-26,-9.323413324922086
2013-06-27,-10.09010746990698
2013-06-28,-9.908003805068102
2013-06-29,-10.201727782044639
2013-06-30,-9.048885540986744
2013-07-01,-10.11331912856849
2013-07-02,-9.070819749864187
2013-07-03,-9.614426734467912
2013-07-04,-9.814867232812723
2013-07-05,-9.905915461889183
2013-07-06,
2013-07-07,-11.122790889520045
2013-07-08,-10.332667100837783
2013-07-09,-9.804860043579733
2013-07-10,-10.286033943450574
2013-07-11,-10.998249190342847
2013-07-12,-10.355837918603124
2013-07-13,
2013-07-14,-9.77385002799298
2013-07-15,-10.461956634776477
2013-07-16,-9.988761209489095
2013-07-17,-10.681133127291558
2013-07-18,-11.383061849021471
2013-07-19,-11.026448319428612
2013-07-20,-9.81569325047334
2013-07-21,-10.766879782372555
2013-07-22,-10.784134445290878
2013-07-23,-10.844724740505994
2013-07-24,-9.774894930179302
2013-07-25,-9.94592622976806
2013-07-26,-9.681233460805762
2013-07-27,-10.90163011457409
2013-07-28,-10.705535922006298
2013-07-29,-11.642657578644538
2013-07-30,-10.176595539089366
2013-07-31,-11.529408194206518
2013-08-01,-10.867306509003308
2013-08-02,-11.554232703375025
2013-08-03,-11.329604433875721
2013-08-04,-11.483085493219727
2013-08-05,-11.397360176075091
2013-08-06,-11.391628604031222
2013-08-07,-11.424514318886498
2013-08-08,-10.761685218574433
2013-08-09,-11.758407130670204
2013-08-10,-11.122971712684347
2013-08-11,-10.651164605815959
2013-08-12,-11.543271223065682
2013-08-13,-11.671780597769668
2013-08-14,-11.453843091672638
2013-08-15,-10.774081694000571
2013-08-16,-11.291850388741071
2013-08-17,-11.67906025845903
2013-08-18,-11.195645428982827
2013-08-19,-12.012435068755192
2013-08-20,-11.143882058952489
2013-08-21,-11.303091674934945
2013-08-22,-11.683687016437686
2013-08-23,-11.97101044483758
2013-08-24,-12.016533593314929
2013-08-25,-11.326794517401432
2013-08-26,-11.000251237360168
2013-08-27,
2013-08-28,-11.425185322716755
2013-08-29,-12.716979337370018
2013-08-30,-11.984366641512064
2013-08-31,-11.725678483614836
2013-09-01,-12.182575906058391
2013-09-02,-12.213061301004718
2013-09-03,-12.095255491094736
2013-09-04,-11.631305731495392
2013-09-05,-11.886577025784298
2013-09-06,-12.92700800250729
2013-09-07,-12.882687346982856
2013-09-08,-12.139675485497461
2013-09-09,-11.620761855630244
2013-09-10,-13.236172494187006
2013-09-11,-12.12454896500457
2013-09-12,-12.149516860171886
2013-09-13,-11.20337488377567
2013-09-14,-12.100644005972109
2013-09-15,-11.72666328769776
2013-09-16,-11.856986276229728
2013-09-17,-13.001784740136944
2013-09-18,-11.560711503928124
2013-09-19,-11.84485496944572
2013-09-20,-11.705579220354437
2013-09-21,-10.003175094226137
2013-09-22,-13.014348966432484
2013-09-23,-11.115359087960623
2013-09-24,-12.126260853257628
2013-09-25,-11.843115657450284
2013-09-26,-12.01319132819808
2013-09-27,-12.205619466341807
2013-09-28,-12.280893948750577
2013-09-29,-11.83310865998321
2013-09-30,-12.75774421943163
2013-10-01,-11.624570547831528
2013-10-02,-12.208068303744064
2013-10-03,-12.564524916905325
2013-10-04,-12.223424141133856
2013-10-05,-11.368179204502997
2013-10-06,-12.2621665856628
2013-10-07,-11.81242725791531
2013-10-08,-12.353697867262222
2013-10-09,-11.60523612062173
2013-10-10,-11.636833336539041
2013-10-11,-11.050087157933813
2013-10-12,-12.056393661747675
2013-10-13,-11.627921857164472
2013-10-14,-11.906272399193856
2013-10-15,-11.299848580898477
2013-10-16,-12.299102587738956
2013-10-17,-11.558511675190031
2013-10-18,-12.019119499173339
2013-10-19,-11.944052776242403
2013-10-20,-11.855704502700979
2013-10-21,-11.764519895612926
2013-10-22,-11.937254493467105
2013-10-23,-11.75972719065058
2013-10-24,-11.065416063654817
2013-10-25,-11.348592790812878
2013-10-26,-11.393038003044872
2013-10-27,-12.041141907207534
2013-10-28,-12.243212797220215
2013-10-29,-11.305630110474903
2013-10-30,-11.3294172984591
2013-10-31,-11.014742647841768
2013-11-01,-12.036187417547035
2013-11-02,-11.831577374263956
2013-11-03,-12.518643040225676
2013-11-04,-11.876731692246132
2013-11-05,-11.163308778334526
2013-11-06,-11.875447925239875
2013-11-07,-11.302080586556713
2013-11-08,-11.697212214955487
2013-11-09,-11.419098279712319
2013-11-10,-12.13367073974127
2013-11-11,-11.495456993700886
2013-11-12,-13.01141124044506
2013-11-13,-11.58662430814582
2013-11-14,-12.285303970123453
2013-11-15,-10.843526192614073
2013-11-16,-11.033847827565376
2013-11-17,-11.16482311014807
2013-11-18,-10.612848847110625
2013-11-19,-11.822597183721653
2013-11-20,-10.448845350973498
2013-11-21,-10.830427837421235
2013-11-22,-11.388414270582961
2013-11-23,-10.67556370694163
2013-11-24,-11.769389755992906
2013-11-25,-11.601009393933799
2013-11-26,-11.465204717238052
2013-11-27,-11.397212720194911
2013-11-28,-11.632481506871965
2013-11-29,-10.463813219933574
2013-11-30,-11.17561580688318
2013-12-01,-10.840460391696581
2013-12-02,-11.272111966561317
2013-12-03,-11.867169290783659
2013-12-04,-10.791487165939275
2013-12-05,-11.852017366525672
2013-12-06,-10.899315827310689
2013-12-07,-11.518009282073866
2013-12-08,-9.808819971279599
2013-12-09,-10.315145357821288
2013-12-10,-10.686090471259028
2013-12-11,-10.075036003720843
2013-12-12,-11.097760127005236
2013-12-13,-10.3703756190355
2013-12-14,-10.509533249358972
2013-12-15,-10.444571240752207
2013-12-16,-9.907376726888891
2013-12-17,-10.144118774856846
2013-12-18,-10.332663318975646
2013-12-19,-11.270988033227116
2013-12-20,-10.889955375578724
2013-12-21,-10.437553302021463
2013-12-22,-10.295667932082077
2013-12-23,-10.873509957462334
2013-12-24,-9.068532470323998
2013-12-25,-9.48205530273791
2013-12-26,-9.905003597890124
2013-12-27,-10.135793777880792
2013-12-28,-10.243615301912852
2013-12-29,-10.579127963749936
2013-12-30,-10.030055861967785
2013-12-31,-9.905526880765143
2014-01-01,-10.620880287740814
2014-01-02,-9.79850864054103
2014-01-03,-10.008833403185156
2014-01-04,-10.850735045199881
2014-01-05,-10.292681688427471
2014-01-06,-10.034990558188161
2014-01-07,-8.850093413243549
2014-01-08,-9.48147110736842
2014-01-09,-10.393369976436748
2014-01-10,-9.448573760165806
2014-01-11,-10.431297875248784
2014-01-12,-9.082455637832872
2014-01-13,-9.82563009796995
2014-01-14,-9.603273779256622
2014-01-15,-8.860076525840757
2014-01-16,-10.133216958045383
2014-01-17,-10.15500561561423
2014-01-18,-9.71521838175397
2014-01-19,-8.871372108272011
2014-01-20,-10.117557729367887
2014-01-21,-10.741475660782921
2014-01-22,-9.51869008665632
2014-01-23,-8.985162233149781
2014-01-24,-8.629042406221933
2014-01-25,
2014-01-26,-9.371861540900545
2014-01-27,-8.558050828604168
2014-01-28,-10.03898097103193
2014-01-29,-9.267744542456523
2014-01-30,-8.947920414528067
2014-01-31,-8.78845435600301
2014-02-01,-9.238190470720417
2014-02-02,-8.936590887448814
2014-02-03,-10.16880892322527
2014-02-04,-9.224921520675084
2014-02-05,-8.640521777559862
2014-02-06,-9.330237161509146
2014-02-07,-8.781755576035236
2014-02-08,-8.560320749811572
2014-02-09,-8.92790081989579
2014-02-10,-8.644631487528228
2014-02-11,-9.184842663090885
2014-02-12,-8.78077868991675
2014-02-13,-8.346752991896158
2014-02-14,-8.548161558825477
2014-02-15,-8.895107033650858
2014-02-16,-8.46534029390697
2014-02-17,-8.196171653794218
2014-02-18,-9.554903291022855
2014-02-19,-7.927286738457231
2014-02-20,-8.652284114345841
2014-02-21,-8.249193314862048
2014-02-22,-7.841551493343957
2014-02-23,-9.104710054792136
2014-02-24,-8.752759839257191
2014-02-25,-8.521953863780729
2014-02-26,-8.749676524936435
2014-02-27,-7.470937678457345
2014-02-28,-8.747889907697703
2014-03-01,-8.578872430780473
2014-03-02,-8.181002437614731
2014-03-03,-8.866877658475628
2014-03-04,-8.44676237016087
2014-03-05,-8.07383267465092
2014-03-06,-8.383149812597482
2014-03-07,-8.248101046343923
2014-03-08,-8.451293912028591
2014-03-09,-8.92961985529706
2014-03-10,-7.997885760709895
2014-03-11,-7.268058371740474
2014-03-12,-8.12371540237244
2014-03-13,-8.008227969470104
2014-03-14,-7.7629985286153085
2014-03-15,-8.733084503348184
2014-03-16,-7.236783983247047
2014-03-17,-7.9770647506736045
2014-03-18,-7.253057218826772
2014-03-19,-8.426830103827408
2014-03-20,-7.143184566891103
2014-03-21,-7.65711608401928
2014-03-22,-7.761230697530397
2014-03-23,-7.914376083825359
2014-03-24,-8.149872734455208
2014-03-25,-7.420146964828921
2014-03-26,
2014-03-27,-8.995315122389094
2014-03-28,-8.566939163833384
2014-03-29,-8.098423833941684
2014-03-30,-7.848246695482939
2014-03-31,-8.029876532313997
2014-04-01,-7.391024357718021
2014-04-02,-8.975579830717875
2014-04-03,-7.9283459001550085
2014-04-04,-8.909832241597787
2014-04-05,-7.622280824488199
2014-04-06,-8.051251872589804
2014-04-07,-7.796693714345154
2014-04-08,-8.441506274747423
2014-04-09,-7.373487424519337
2014-04-10,-7.496600574413122
2014-04-11,-7.730520435652879
2014-04-12,-8.092466126748532
2014-04-13,-7.743777409908133
2014-04-14,-8.393732743801943
2014-04-15,
2014-04-16,-7.230444440594046
2014-04-17,-7.528193219777064
2014-04-18,-8.437186388630241
2014-04-19,-7.9011335612952225
2014-04-20,-8.738437671763647
2014-04-21,-7.816261071532266
2014-04-22,-7.888305361655558
2014-04-23,-9.06022429283733
2014-04-24,-8.718471849131792
2014-04-25,-8.291964299714866
2014-04-26,-8.314186977001539
2014-04-27,-8.782401197044075
2014-04-28,-7.997618249479106
2014-04-29,-8.081350678948628
2014-04-30,-8.319732470330676
2014-05-01,-8.616530037218887
2014-05-02,-7.730838323181793
2014-05-03,-7.444562245888381
2014-05-04,-8.531631724743882
2014-05-05,-8.61402568239394
2014-05-06,-8.080930339225016
2014-05-07,-8.52463601538099
2014-05-08,-8.434896636681776
2014-05-09,-8.015431935532964
2014-05-10,-9.360474858179252
2014-05-11,-7.767655705400458
2014-05-12,-8.411942192221366
2014-05-13,-8.675963791412839
2014-05-14,-8.537221748324898
2014-05-15,-8.53422350831578
2014-05-16,-9.40431165788548
2014-05-17,-7.814947131696536
2014-05-18,-8.565884072709457
2014-05-19,-8.389594730558558
2014-05-20,
2014-05-21,-9.172000449697634
2014-05-22,-8.450442898086509
2014-05-23,-8.847147504640413
2014-05-24,-8.316470430423012
2014-05-25,-9.830371283984471
2014-05-26,-8.843571415981692
2014-05-27,-9.123058153427385
2014-05-28,-8.633488603258966
2014-05-29,-8.642910653859158
2014-05-30,-9.260390401673822
2014-05-31,-9.291632654393142
2014-06-01,-9.020161663772281
2014-06-02,-9.442739674098993
2014-06-03,-8.60331386138931
2014-06-04,-9.239085181651161
2014-06-05,-10.538431357512314
2014-06-06,-9.303074724376764
2014-06-07,-9.665923744042132
2014-06-08,-9.993530398356405
2014-06-09,-9.828089741581447
2014-06-10,-9.186390076634419
2014-06-11,-8.608716360910075
2014-06-12,-9.148602120698948
2014-06-13,-9.640809238504497
2014-06-14,-9.142164660956748
2014-06-15,-9.632407520382054
2014-06-16,-9.783084859217732
2014-06-17,-10.046055278508383
2014-06-18,-10.378034786268323
2014-06-19,-9.730476005261583
2014-06-20,-9.490018624946469
2014-06-21,
2014-06-22,-9.844463888790928
2014-06-23,-10.14323733703399
2014-06-24,-9.400222637216451
2014-06-25,-10.396980608259776
2014-06-26,-9.384547013906358
2014-06-27,-10.307883105700954
2014-06-28,-10.217263018829273
2014-06-29,-10.608755836599183
2014-06-30,-10.160419037894872
2014-07-01,-9.456443174280583
2014-07-02,-9.720683340250972
2014-07-03,-9.52369067238219
2014-07-04,-9.786230981523488
2014-07-05,-10.633523697351771
2014-07-06,-10.281445750821343
2014-07-07,-10.54047871738824
2014-07-08,-9.519375215371264
2014-07-09,-10.81728586051099
2014-07-10,-9.80620678898281
2014-07-11,-9.84066791176924
2014-07-12,-9.406338988331935
2014-07-13,-10.559901594688817
2014-07-14,-10.032701360305245
2014-07-15,-9.281725592894935
2014-07-16,-10.764936380909889
2014-07-17,-11.257064725560701
2014-07-18,-11.46283381397619
2014-07-19,-10.199602264366892
2014-07-20,-11.530498347602895
2014-07-21,
2014-07-22,-10.43566406072471
2014-07-23,-10.59414597957782
2014-07-24,-10.506221194084757
2014-07-25,-10.639795829474814
2014-07-26,-10.14328276646535
2014-07-27,-11.290417161077897
2014-07-28,-11.184058885194618
2014-07-29,-11.262943168660446
2014-07-30,-10.49231026613138
2014-07-31,
2014-08-01,-10.742564383618692
2014-08-02,-10.406390371932096
2014-08-03,-11.616822436306816
2014-08-04,-10.223550600936285
2014-08-05,-10.324591168510736
2014-08-06,-10.747125876242697
2014-08-07,-10.252433888219882
2014-08-08,-11.999703083453591
2014-08-09,-11.461327051170622
2014-08-10,-11.594111382940476
2014-08-11,
2014-08-12,-11.805146586209771
2014-08-13,
2014-08-14,-10.6469096397236
2014-08-15,-11.01003951593047
2014-08-16,-11.240826960588064
2014-08-17,-11.901291485408397
2014-08-18,-11.85501618162801
2014-08-19,-10.830593498804513
2014-08-20,-11.08911002523918
2014-08-21,-11.521238266486668
2014-08-22,-11.733182873661242
2014-08-23,-12.55918058769689
2014-08-24,-12.103293842708059
2014-08-25,-10.633285114763337
2014-08-26,-12.24987925971792
2014-08-27,
2014-08-28,-11.14580818234912
2014-08-29,-12.296201581047052
2014-08-30,-11.595101280668002
2014-08-31,-11.236715674783586
2014-09-01,-11.71713597185208
2014-09-02,-10.306386316703753
2014-09-03,-12.591574617761099
2014-09-04,
2014-09-05,-11.875485342651134
2014-09-06,-11.41823732544203
2014-09-07,-11.598122864879963
2014-09-08,-12.199395371943687
2014-09-09,-11.731817549699738
2014-09-10,-12.788218589635683
2014-09-11,-11.570046044384291
2014-09-12,-11.73443863520366
2014-09-13,-11.575478494166218
2014-09-14,-11.376479421890126
2014-09-15,
2014-09-16,-11.85125923953316
2014-09-17,-12.374867627926108
2014-09-18,-12.298900951192024
2014-09-19,-11.3573054660649
2014-09-20,-11.239810044628873
2014-09-21,-12.083758539849875
2014-09-22,-11.947846134957265
2014-09-23,-12.428715677485167
2014-09-24,-11.395006197689401
2014-09-25,-11.653066015225502
2014-09-26,-11.01896789298678
2014-09-27,-12.431951586227317
2014-09-28,-12.184417734929342
2014-09-29,
2014-09-30,-11.675644465321087
2014-10-01,-12.107573735497535
2014-10-02,-12.436479389276235
2014-10-03,-11.558962175078424
2014-10-04,-11.638173620435204
2014-10-05,-12.45536225444981
2014-10-06,-11.317396695004975
2014-10-07,-11.407321244806358
2014-10-08,-11.921985265317371
2014-10-09,-11.945458880681
2014-10-10,-11.703765754512558
2014-10-11,-12.406596854398215
2014-10-12,-11.955095604060961
2014-10-13,-13.040086152677882
2014-10-14,-11.51886844640894
2014-10-15,-12.730465632895756
2014-10-16,-11.190054906748268
2014-10-17,-12.098296067783421
2014-10-18,-12.029968635961879
2014-10-19,-12.228331839688876
2014-10-20,-12.04824754429726
2014-10-21,-11.184162163718755
2014-10-22,-13.125971597757783
2014-10-23,-11.231667075659022
2014-10-24,-11.688667119960758
2014-10-25,-12.44816905918672
2014-10-26,-12.368747942479711
2014-10-27,-10.978786893540914
2014-10-28,-12.275090833683683
2014-10-29,-12.36383329494597
2014-10-30,-11.20279256558476
2014-10-31,-11.585940995236722
2014-11-01,-12.207428421183156
2014-11-02,-11.612886904797929
2014-11-03,-12.216300163313978
2014-11-04,-11.134733480761902
2014-11-05,-11.135680394741792
2014-11-06,-11.381091370500231
2014-11-07,-11.44650513026769
2014-11-08,-10.726501234634139
2014-11-09,-11.586536204196257
2014-11-10,-12.156131066245967
2014-11-11,-11.318808516677416
2014-11-12,-10.478416657944265
2014-11-13,-12.006264420297322
2014-11-14,-11.656617003953272
2014-11-15,-11.244226810157585
2014-11-16,-11.455536659041082
2014-11-17,-11.895447688998056
2014-11-18,-10.818663081215943
2014-11-19,-10.194459515373271
2014-11-20,-11.23090120153376
2014-11-21,-11.755094867881601
2014-11-22,-12.05124918087607
2014-11-23,-11.121111306610281
2014-11-24,-10.67112107994009
2014-11-25,-10.95807440967022
2014-11-26,-11.169104920174826
2014-11-27,-11.434437941120178
2014-11-28,-11.657445761311143
2014-11-29,-10.665221241044792
2014-11-30,-10.596623694928317
2014-12-01,-11.796975249968295
2014-12-02,-10.19948866780353
2014-12-03,-10.677376085345708
2014-12-04,-10.234332527181964
2014-12-05,-11.57463545390833
2014-12-06,-11.555658005916905
2014-12-07,-10.916146672074959
2014-12-08,-10.55893683139392
2014-12-09,-9.880575871626922
2014-12-10,-10.393913617918578
2014-12-11,-10.836269469535743
2014-12-12,-11.195877632323022
2014-12-13,-10.035254919640245
2014-12-14,-11.099977675407871
2014-12-15,-9.770577676515996
2014-12-16,-10.694018214809182
2014-12-17,-9.72338549564189
2014-12-18,-10.145908044135549
2014-12-19,-10.520424961217275
2014-12-20,-10.678045197205781
2014-12-21,-10.555096949151226
2014-12-22,-10.136666841420945
2014-12-23,-10.278325301812814
2014-12-24,-10.579793839410232
2014-12-25,-10.331604714838418
2014-12-26,-10.17532774845315
2014-12-27,-11.244747055748102
2014-12-28,-9.917006319027745
2014-12-29,-10.601618126169148
2014-12-30,-10.654057781955931
2014-12-31,-10.886674919036984
2015-01-01,
2015-01-02,-10.651920831657309
2015-01-03,-10.29431108911073
2015-01-04,-8.928792385694448
2015-01-05,-10.134011123732883
2015-01-06,-9.747883716059603
2015-01-07,-9.602253865055296
2015-01-08,-9.702756199353122
2015-01-09,-9.772873324050817
2015-01-10,-10.297739945534738
2015-01-11,-8.940659506930281
2015-01-12,-8.728653976078405
2015-01-13,-10.439819484247701
2015-01-14,-10.076861085146632
2015-01-15,-9.67123738224489
2015-01-16,-9.980225216203339
2015-01-17,-9.21174621251453
2015-01-18,
2015-01-19,-8.316231267868583
2015-01-20,-8.770762168127144
2015-01-21,-9.227214213519307
2015-01-22,-8.78767008842134
2015-01-23,-8.71608179619472
2015-01-24,-9.51909084588354
2015-01-25,-9.613536566929604
2015-01-26,-9.134902382632612
2015-01-27,-8.711946255735578
2015-01-28,-9.042278192354855
2015-01-29,-9.86961353666061
2015-01-30,-9.452106334191553
2015-01-31,-9.057540275549398
2015-02-01,
2015-02-02,-7.9748805532795295
2015-02-03,-9.624901257327357
2015-02-04,-8.650184375481347
2015-02-05,-8.129818778670888
2015-02-06,-7.710379887007965
2015-02-07,-9.020374354361673
2015-02-08,-8.544881520300939
2015-02-09,-8.478494553981111
2015-02-10,-8.638778290035203
2015-02-11,-8.759460063972162
2015-02-12,-8.465949796811252
2015-02-13,-9.924350006449531
2015-02-14,-8.291878743315237
2015-02-15,-8.54491560391554
2015-02-16,-8.694744985382634
2015-02-17,-7.535998583289675
2015-02-18,-8.873245122634591
2015-02-19,-8.714097826675037
2015-02-20,-7.494005057419643
2015-02-21,-8.883481135215948
2015-02-22,-8.720630404586796
2015-02-23,-8.497667735189188
2015-02-24,-7.982836360645677
2015-02-25,-8.278823444014714
2015-02-26,-9.009037045029848
2015-02-27,-8.609292822979368
2015-02-28,-8.627860199231742
2015-03-01,-8.344263847663774
2015-03-02,-8.074703222604471
2015-03-03,-8.061000620139149
2015-03-04,-9.141099725477353
2015-03-05,
2015-03-06,-8.094345819559479
2015-03-07,-7.512919868998732
2015-03-08,-7.968173493758346
2015-03-09,-7.625233470580192
2015-03-10,-7.928784367798883
2015-03-11,-7.475650096394842
2015-03-12,-7.874891418278984
2015-03-13,-8.172779703937321
2015-03-14,-6.975965256151547
2015-03-15,-7.65658322643003
2015-03-16,
2015-03-17,-8.718781194539265
2015-03-18,-8.715396880738279
2015-03-19,-7.916070166877705
2015-03-20,-7.981425503761211
2015-03-21,-8.35358137748355
2015-03-22,-7.9689408036397875
2015-03-23,-7.238610911458743
2015-03-24,-7.679297449564615
2015-03-25,-8.59216109590646
2015-03-26,-8.072654832361112
2015-03-27,-8.415214068046547
2015-03-28,-8.202999259575373
2015-03-29,-8.212964732688171
2015-03-30,-8.242577299928787
2015-03-31,-8.629510524524317
2015-04-01,-8.064549766467273
2015-04-02,-8.280397449701908
2015-04-03,-9.464780986319369
2015-04-04,-6.974125454523211
2015-04-05,-7.457373116355564
2015-04-06,-8.191646094589409
2015-04-07,-7.996414793653153
2015-04-08,-8.594570187246122
2015-04-09,-7.164389514724322
2015-04-10,-7.06770275320824
2015-04-11,
2015-04-12,-7.514533671035735
2015-04-13,-7.944508404304903
2015-04-14,-8.70694963179714
2015-04-15,-8.251514129117052
2015-04-16,-7.987232331205158
2015-04-17,-8.288640134450347
2015-04-18,-8.179436547192449
2015-04-19,-8.125124406152821
2015-04-20,-8.12974692440617
2015-04-21,-8.07362688289879
2015-04-22,-8.641069426753578
2015-04-23,-8.480844787998032
2015-04-24,-8.776754296938028
2015-04-25,-7.658231882558183
2015-04-26,-9.213188912819724
2015-04-27,-7.597340432201991
2015-04-28,-7.495271369840069
2015-04-29,-8.354382894527284
2015-04-30,
2015-05-01,-8.415231420366448
2015-05-02,-8.283095968507261
2015-05-03,-8.773248302395576
2015-05-04,-8.543016235603492
2015-05-05,-7.538274661178341
2015-05-06,
2015-05-07,-8.803085475187302
2015-05-08,-9.159057861791876
2015-05-09,-8.54370702075169
2015-05-10,-8.507346161939477
2015-05-11,-8.173410871832829
2015-05-12,-8.710528615497253
2015-05-13,-8.208941044973537
2015-05-14,-7.519388708748753
2015-05-15,-8.101937844864382
2015-05-16,-8.556896244251787
2015-05-17,-8.648025013313065
2015-05-18,-8.758811301811612
2015-05-19,-8.014599295794824
2015-05-20,-8.943434318985817
2015-05-21,-8.632429556353564
2015-05-22,-8.655103269789171
2015-05-23,-8.957646028449995
2015-05-24,-9.419421109618632
2015-05-25,-8.5985103574526
2015-05-26,-8.817675805431143
2015-05-27,-8.564588689806477
2015-05-28,-9.109394929464376
2015-05-29,-8.260412473384882
2015-05-30,-9.337772501548615
2015-05-31,-8.072253646589939
2015-06-01,-9.831297362197578
2015-06-02,-8.769607892394257
2015-06-03,-8.77909116588996
2015-06-04,-9.444689566376882
2015-06-05,-8.86510062308834
2015-06-06,-8.468197859238547
2015-06-07,-10.24729018571329
2015-06-08,-8.918686753243874
2015-06-09,-10.448118550955266
2015-06-10,-9.71597582033832
2015-06-11,-8.450447439112711
2015-06-12,-9.58802633050928
2015-06-13,-9.91638797723644
2015-06-14,-9.460927967869425
2015-06-15,-8.360705849206854
2015-06-16,-10.343379186938648
2015-06-17,-9.986241464899415
2015-06-18,-8.745078734364327
2015-06-19,-8.598301265388695
2015-06-20,-9.612365833707383
2015-06-21,-10.213804367898128
2015-06-22,-8.580104120465093
2015-06-23,-8.864662603359106
2015-06-24,-6.3563682872401905
2015-06-25,-7.136090942788025
2015-06-26,-6.788532355899548
2015-06-27,-6.878395474127604
2015-06-28,-6.6670472407216685
2015-06-29,-6.141279207354264
2015-06-30,-6.461417861204783
2015-07-01,-7.474190133913773
2015-07-02,-6.28164867002717
2015-07-03,-6.847734532638961
2015-07-04,-6.695170139707185
2015-07-05,
2015-07-06,-7.663253496976186
2015-07-07,-7.159713713875055
2015-07-08,-7.441823791328908
2015-07-09,-7.994269709667417
2015-07-10,-7.071166246528467
2015-07-11,-6.022851840117449
2015-07-12,-8.232695417607244
2015-07-13,-7.362730760221881
2015-07-14,-7.060150334810874
2015-07-15,-7.352601476239599
2015-07-16,-7.504300827185327
2015-07-17,-8.130808713987362
2015-07-18,-7.398128497152092
2015-07-19,-7.92607293818906
2015-07-20,-8.675658812665814
2015-07-21,-7.016237022546152
2015-07-22,-7.166993841183665
2015-07-23,-7.652818663925034
2015-07-24,-7.596373386291013
2015-07-25,-7.2058029321567965
2015-07-26,-7.662623463855537
2015-07-27,-7.354386594793505
2015-07-28,-7.986499927176407
2015-07-29,-7.2128825057027495
2015-07-30,-7.739339946367219
2015-07-31,-7.833299026460871
2015-08-01,
2015-08-02,-7.84719658331427
2015-08-03,-8.436391434091838
2015-08-04,-8.368992846576164
2015-08-05,-8.486666137492882
2015-08-06,-8.640903342262371
2015-08-07,
2015-08-08,-7.498739588670688
2015-08-09,-7.232024303238271
2015-08-10,-8.831101705189646
2015-08-11,-8.211112546259105
2015-08-12,-8.920209529366442
2015-08-13,-8.647642614878235
2015-08-14,-8.784813497198966
2015-08-15,-7.731520520724972
2015-08-16,-8.574590006335333
2015-08-17,-7.8670408226288
2015-08-18,-8.123510720227436
2015-08-19,-7.297670615072224
2015-08-20,-9.212702001388978
2015-08-21,-7.866417290172842
2015-08-22,-7.945424794610149
2015-08-23,-9.027496577012151
2015-08-24,-8.058946468322919
2015-08-25,-8.415684260831721
2015-08-26,-8.718269819006622
2015-08-27,-9.036799572459776
2015-08-28,-9.004205880763008
2015-08-29,-7.639077754473426
2015-08-30,-8.682482640637575
2015-08-31,-8.310101322390048
2015-09-01,-9.114454884544854
2015-09-02,-9.12626185608425
2015-09-03,-8.21215935803604
2015-09-04,-9.444237462312287
2015-09-05,-8.992830225832364
2015-09-06,-8.783455345378478
2015-09-07,-8.759495671270496
2015-09-08,-8.918904394425502
2015-09-09,-8.645082304706024
2015-09-10,-8.50965338964018
2015-09-11,-8.501302322805975
2015-09-12,-9.373509872810711
2015-09-13,-9.034115888228417
2015-09-14,-8.305527394528209
2015-09-15,-8.465892616546082
2015-09-16,-9.609387169482567
2015-09-17,-8.75638969292994
2015-09-18,-9.929842718911077
2015-09-19,-8.925288801052895
2015-09-20,-8.00732223324203
2015-09-21,-9.437022717030185
2015-09-22,-9.386527592044848
2015-09-23,-8.59305812231203
2015-09-24,-9.751596258622243
2015-09-25,-9.301109532171864
2015-09-26,-8.690460650515226
2015-09-27,-9.309184862459967
2015-09-28,-9.112798174271404
2015-09-29,-8.62490127024544
2015-09-30,-8.787811085681458
2015-10-01,-8.866173518151383
2015-10-02,
2015-10-03,-8.814774089873074
2015-10-04,-9.06089426424354
2015-10-05,-8.768756851392844
2015-10-06,-9.244166261445232
2015-10-07,-9.084434768795145
2015-10-08,-9.484989405365477
2015-10-09,-9.003785665450856
2015-10-10,-9.387465870861721
2015-10-11,-9.534085747267683
2015-10-12,-8.84224398679019
2015-10-13,-8.859133290688145
2015-10-14,-8.567413305029325
2015-10-15,
2015-10-16,-8.73978091127664
2015-10-17,-8.660023168280675
2015-10-18,-8.704076947729943
2015-10-19,-9.329762518627518
2015-10-20,-8.832158509564142
2015-10-21,-8.714110411437405
2015-10-22,-8.881370524441602
2015-10-23,-9.916419995593506
2015-10-24,-8.780603458489887
2015-10-25,-7.7416991999052645
2015-10-26,-9.014553960618217
2015-10-27,-9.184599613581268
2015-10-28,-8.619374789902746
2015-10-29,-8.634813530653723
2015-10-30,-8.179058632812943
2015-10-31,-9.388258495928701
2015-11-01,-8.377011881739788
2015-11-02,-8.430352873893012
2015-11-03,-8.778988447359492
2015-11-04,-8.520417394719692
2015-11-05,-8.156378160191252
2015-11-06,-8.215800550868579
2015-11-07,-9.203830395791096
2015-11-08,-8.202121115279517
2015-11-09,-8.623946904097005
2015-11-10,-8.534096964680236
2015-11-11,-8.51240218401228
2015-11-12,-8.6021304655153
2015-11-13,-7.908711647643914
2015-11-14,-8.523535576096474
2015-11-15,-9.018122408395172
2015-11-16,-8.631355471186637
2015-11-17,-8.321059865372645
2015-11-18,-7.771199150016683
2015-11-19,-8.059248435626804
2015-11-20,-8.760649972046927
2015-11-21,-7.06697876778966
2015-11-22,-8.150989940161239
2015-11-23,-7.619106324093734
2015-11-24,-8.305711099483885
2015-11-25,-7.935862516394252
2015-11-26,-7.75514029097357
2015-11-27,-7.537761927562183
2015-11-28,-7.589820496843576
2015-11-29,-7.653720532068773
2015-11-30,-8.218354285289784
2015-12-01,-8.317361917240298
2015-12-02,-7.8355578835102175
2015-12-03,-7.505373877934558
2015-12-04,-8.05308692786042
2015-12-05,-7.3786505859367395
2015-12-06,-7.154168537811579
2015-12-07,-8.307617164568745
2015-12-08,-8.23664548350209
2015-12-09,-7.856858973484771
2015-12-10,-7.601118633629028
2015-12-11,-7.985238603855153
2015-12-12,-7.014669952741633
2015-12-13,-7.44634964628076
2015-12-14,-7.606076511639536
2015-12-15,-8.310986572115368
2015-12-16,-8.217996005162444
2015-12-17,-7.3864740194965375
2015-12-18,-8.560011063944387
2015-12-19,-6.9539830545804495
2015-12-20,-7.505830979428026
2015-12-21,
2015-12-22,-6.205331642112576
2015-12-23,-7.4161176781525455
2015-12-24,-7.3445687318363575
2015-12-25,-6.759530330595194
2015-12-26,-6.371579494212993
2015-12-27,-8.007959001115443
2015-12-28,-8.04785496659098
2015-12-29,-7.4313616296841865
2015-12-30,-6.794616816520515
2015-12-31,-6.803164749529298
2016-01-01,-6.482316484239501
2016-01-02,-7.582646552451219
2016-01-03,-8.106470386701362
2016-01-04,-6.485007294241488
2016-01-05,-7.293753909575628
2016-01-06,-7.854576698280674
2016-01-07,-6.738523654622881
2016-01-08,-6.380246356718654
2016-01-09,-6.803707478464437
2016-01-10,-6.937523962520551
2016-01-11,-6.754287972544171
2016-01-12,-6.826001613779766
2016-01-13,-7.280943484280209
2016-01-14,-6.930586281253371
2016-01-15,-6.279058288090614
2016-01-16,-6.345447478444786
2016-01-17,-6.388991452379155
2016-01-18,-6.9374861439780044
2016-01-19,-6.497719770886736
2016-01-20,-7.462732487461528
2016-01-21,-6.252378591017324
2016-01-22,-5.594799853918017
2016-01-23,-7.014110969049431
2016-01-24,-6.538038868935256
2016-01-25,-6.048775166612851
2016-01-26,-5.555393551182302
2016-01-27,-6.374655603118033
2016-01-28,-6.465648254078298
2016-01-29,-7.073225002414114
2016-01-30,-6.006554357873835
2016-01-31,-5.007024065823028
2016-02-01,-5.859459130345337
2016-02-02,-5.979650593329605
2016-02-03,-5.778147924923783
2016-02-04,-5.915726969869045
2016-02-05,-6.288002536597382
2016-02-06,-5.441500758721842
2016-02-07,-5.712244695211357
2016-02-08,-5.788651235286212
2016-02-09,-6.257829130943858
2016-02-10,-5.091444340939383
2016-02-11,-5.38427103168322
2016-02-12,-5.966886692554549
2016-02-13,-5.1637052404856405
2016-02-14,-5.887989641091387
2016-02-15,-6.005195204090317
2016-02-16,-5.969444334962265
2016-02-17,-6.450943733342276
2016-02-18,-5.305879465587314
2016-02-19,-6.433895842997321
2016-02-20,-6.10965651943544
2016-02-21,-6.510785033423092
2016-02-22,-5.494034166882322
2016-02-23,-5.504626216447946
2016-02-24,-5.571745505012448
2016-02-25,-5.909088638678025
2016-02-26,-5.953796136964083
2016-02-27,-5.115856827343922
2016-02-28,-5.604169064863816
2016-02-29,-5.152059785551394
2016-03-01,-5.734709164172896
2016-03-02,-5.18390472409571
2016-03-03,-4.605658973314685
2016-03-04,-4.947592681829353
2016-03-05,-5.430780693587094
2016-03-06,-5.080397878935031
2016-03-07,-5.314283517506663
2016-03-08,-5.175498842999032
2016-03-09,-5.328271199834534
2016-03-10,-5.234202883338812
2016-03-11,-5.033105052986288
2016-03-12,-5.623498183383013
2016-03-13,-5.622979655599419
2016-03-14,
2016-03-15,-5.893295301552122
2016-03-16,-5.6917056688837935
2016-03-17,-4.993804894952197
2016-03-18,-5.5109718033284345
2016-03-19,-4.7993854331894354
2016-03-20,-5.031025614514386
2016-03-21,-6.025401934215413
2016-03-22,
2016-03-23,-4.623026116486264
2016-03-24,-5.519868815230742
2016-03-25,-4.807938789505205
2016-03-26,-5.4419672582568595
2016-03-27,-4.961154302536362
2016-03-28,-5.639098921872112
2016-03-29,-5.900852977381048
2016-03-30,-5.193748938450748
2016-03-31,-5.062836548943757
2016-04-01,-5.1990351992997486
2016-04-02,-5.592025682658797
2016-04-03,
2016-04-04,-4.866768496259894
2016-04-05,-5.025452389658312
2016-04-06,-4.913936304034473
2016-04-07,-5.343015661611851
2016-04-08,-4.425459823335815
2016-04-09,-5.603354651048045
2016-04-10,-4.776024350439221
2016-04-11,-4.433981440421558
2016-04-12,
2016-04-13,-5.138185755136723
2016-04-14,-5.307942781716466
2016-04-15,-4.533199922393791
2016-04-16,-5.770757368407166
2016-04-17,-5.5529324870837815
2016-04-18,-5.275821439003824
2016-04-19,-4.467956910910977
2016-04-20,-4.9072073565128775
2016-04-21,-5.591984539991108
2016-04-22,-5.27454588421565
2016-04-23,-5.438540476512506
2016-04-24,-5.4988132285676805
2016-04-25,-4.667563025467622
2016-04-26,-5.856513812714333
2016-04-27,-4.380427599942287
2016-04-28,-4.785416103993094
2016-04-29,-4.6693458228184195
2016-04-30,-5.4620203994761045
2016-05-01,-5.32181859687854
2016-05-02,-5.980240524288924
2016-05-03,
2016-05-04,-5.052006253022643
2016-05-05,-4.669144418992982
2016-05-06,-5.889594606034834
2016-05-07,-5.5381018134542135
2016-05-08,-5.450817781142483
2016-05-09,-6.093362912066322
2016-05-10,-5.12056863677596
2016-05-11,-5.799482029311802
2016-05-12,-5.556888017589875
2016-05-13,-5.70732945614542
2016-05-14,-5.8986353427935825
2016-05-15,-5.530542602921155
2016-05-16,-5.658314798159397
2016-05-17,-5.7603577761176314
2016-05-18,-5.96300032136436
2016-05-19,-5.4637624973240655
2016-05-20,-4.82187884180811
2016-05-21,-5.604306378089765
2016-05-22,-5.202145716264717
2016-05-23,-6.421655245812332
2016-05-24,-5.6743798591385595
2016-05-25,-6.329029964073667
2016-05-26,-6.546254409455543
2016-05-27,-6.205276584064626
2016-05-28,-5.267784715165872
2016-05-29,-5.417206209352413
2016-05-30,-5.799519315637973
2016-05-31,-6.716498796633044
2016-06-01,-6.07772635034935
2016-06-02,-5.858475485083991
2016-06-03,-5.951589996151117
2016-06-04,-6.9915717934765595
2016-06-05,-6.545426114676371
2016-06-06,-6.16316450708463
2016-06-07,-5.894095718501919
2016-06-08,-7.2916685383757915
2016-06-09,-6.306268695495346
2016-06-10,-6.185513676545954
2016-06-11,-5.864283275348024
2016-06-12,-5.974922055530703
2016-06-13,-6.062527589490891
2016-06-14,-6.786437120547957
2016-06-15,-7.373303108385125
2016-06-16,-6.6488354288495835
2016-06-17,-5.984662218773542
2016-06-18,-5.8220722039733275
2016-06-19,-6.196988647923645
2016-06-20,-6.371189011531451
2016-06-21,-6.429758373458752
2016-06-22,-6.9314689186832386
2016-06-23,-6.752373601422436
2016-06-24,-5.886835121177169
2016-06-25,-7.226757767565006
2016-06-26,-5.982270607660377
2016-06-27,-6.984917561596708
2016-06-28,-6.195483020930629
2016-06-29,-7.595944132529352
2016-06-30,
2016-07-01,-7.329682030337162
2016-07-02,-7.703332993316547
2016-07-03,-6.9208360837575835
2016-07-04,-6.5597620102806165
2016-07-05,-7.521344337523258
2016-07-06,-7.882728053809261
2016-07-07,-7.2134494891380125
2016-07-08,-7.245502230783384
2016-07-09,-6.961822500742215
2016-07-10,-6.79531294599845
2016-07-11,
2016-07-12,-6.410364543369159
2016-07-13,-7.259856756362675
2016-07-14,-7.578935236368652
2016-07-15,-8.24513345798918
2016-07-16,-7.604177323000501
2016-07-17,-7.674398896751422
2016-07-18,-7.059261092779517
2016-07-19,-7.341220124630929
2016-07-20,-8.195025542527688
2016-07-21,-7.551913703417391
2016-07-22,-7.3347864191035
2016-07-23,-6.938849006492827
2016-07-24,-7.291217394729781
2016-07-25,-7.386433254267539
2016-07-26,-7.768473861902184
2016-07-27,-7.635784840298976
2016-07-28,-7.2363667836106575
2016-07-29,-8.558431504621193
2016-07-30,-8.097422071589627
2016-07-31,-8.339373341971676
2016-08-01,
2016-08-02,-7.397895987501888
2016-08-03,-8.341008036077085
2016-08-04,-9.26687839513584
2016-08-05,-8.306724761569537
2016-08-06,-7.672440011199885
2016-08-07,-7.888590272280249
2016-08-08,-7.971197951569957
2016-08-09,-8.352822831433796
2016-08-10,-8.879517758848444
2016-08-11,-8.009164503511181
2016-08-12,-8.710386972973078
2016-08-13,-7.227249412580052
2016-08-14,-8.059705484969191
2016-08-15,-8.660546555266803
2016-08-16,-8.700772871673413
2016-08-17,-8.465997368585112
2016-08-18,-8.563301183224452
2016-08-19,-7.908731121648616
2016-08-20,-8.39710355904146
2016-08-21,-8.878850140675384
2016-08-22,-7.590088824767637
2016-08-23,-8.532475575026462
2016-08-24,-8.19406969650106
2016-08-25,-8.903495481458117
2016-08-26,-8.438243824180931
2016-08-27,-8.48418672743424
2016-08-28,-9.60402122804982
2016-08-29,-7.670522902804812
2016-08-30,-8.051305508928706
2016-08-31,-8.913190619373623
2016-09-01,-9.2831856777968
2016-09-02,-8.575215305235368
2016-09-03,-8.722075010910002
2016-09-04,-8.603494717492335
2016-09-05,-8.700918700866982
2016-09-06,-8.558433436875545
2016-09-07,-8.102211546443648
2016-09-08,-8.555582955536117
2016-09-09,-9.377688092053686
2016-09-10,-8.184256409555728
2016-09-11,-8.05735600482179
2016-09-12,-7.313204739188677
2016-09-13,-9.461990888472272
2016-09-14,-8.789251317951422
2016-09-15,-9.961624724196223
2016-09-16,-8.653315513335462
2016-09-17,-9.21273387400476
2016-09-18,-7.9850807879963845
2016-09-19,-9.341705040374066
2016-09-20,-9.806004606624455
2016-09-21,-9.203480076579394
2016-09-22,-9.96144489248016
2016-09-23,-8.603420030379665
2016-09-24,-10.016194422533362
2016-09-25,-8.973520255778666
2016-09-26,-10.030162896340757
2016-09-27,-9.15432458374487
2016-09-28,-8.174815189970822
2016-09-29,-8.817918110818201
2016-09-30,-9.431135335708424
2016-10-01,-9.015545103151307
2016-10-02,-8.990897932699523
2016-10-03,-8.76296240137012
2016-10-04,-9.681486343102796
2016-10-05,-8.699961854449551
2016-10-06,-10.346038915928037
2016-10-07,-9.305792974810814
2016-10-08,-9.231406093605504
2016-10-09,-8.666436168174743
2016-10-10,-8.967027732631475
2016-10-11,-9.675782840088381
2016-10-12,-9.459572187427968
2016-10-13,-8.861227841780481
2016-10-14,-8.993013575952887
2016-10-15,-9.235375952172545
2016-10-16,-9.17798898680736
2016-10-17,-8.580672929413847
2016-10-18,-9.178217300164512
2016-10-19,-8.953462748718183
2016-10-20,-7.813929918389755
2016-10-21,-9.599658702066982
2016-10-22,-9.802099285071463
2016-10-23,-8.472188431312825
2016-10-24,-9.190558556150837
2016-10-25,-8.997061740347368
2016-10-26,-9.214683239617491
2016-10-27,-8.939627412980077
2016-10-28,-7.995545051156141
2016-10-29,-8.37830552813315
2016-10-30,-8.332287107598082
2016-10-31,-9.455019679443172
2016-11-01,-9.305473370193301
2016-11-02,-10.131914277823324
2016-11-03,-9.09903708548913
2016-11-04,-8.197465424181537
2016-11-05,-8.398318200710046
2016-11-06,-8.748032260022347
2016-11-07,-8.62842544416765
2016-11-08,-8.941239169577255
2016-11-09,-8.473465535325358
2016-11-10,-8.17148809714117
2016-11-11,-9.34049291091422
2016-11-12,-8.36039444755932
2016-11-13,-8.02122273238015
2016-11-14,-8.671772031242375
2016-11-15,-8.090220012790256
2016-11-16,-7.009165240770226
2016-11-17,-8.444166840746927
2016-11-18,-8.17043298665079
2016-11-19,-8.710801577991013
2016-11-20,-8.225436927137716
2016-11-21,-8.059826724156343
2016-11-22,-8.166059674053075
2016-11-23,-8.746472927273997
2016-11-24,-8.106222867676241
2016-11-25,-7.450726387871494
2016-11-26,-7.929577358023378
2016-11-27,-7.644631072629039
2016-11-28,-8.21552698860704
2016-11-29,-7.6931425941602924
2016-11-30,-7.8992144392173085
2016-12-01,-8.484751955679922
2016-12-02,-7.820185653848352
2016-12-03,-8.445154219504023
2016-12-04,-8.235324841877294
2016-12-05,-7.793527454672255
2016-12-06,-7.7086135453253934
2016-12-07,-8.420642318421129
2016-12-08,-7.26757916974994
2016-12-09,-7.4768797589953575
2016-12-10,-8.083332209432074
2016-12-11,-8.467629178143387
2016-12-12,-7.738951060705306
2016-12-13,-7.856935391631637
2016-12-14,-7.544670469701602
2016-12-15,-7.74989827553733
2016-12-16,-8.538999441130047
2016-12-17,-7.696217150402349
2016-12-18,-7.621477344477768
2016-12-19,-7.118322697909534
2016-12-20,-7.7506097001191865
2016-12-21,-6.5284103654163825
2016-12-22,-8.289696994255992
2016-12-23,-6.644323187363584
2016-12-24,-7.378007891751238
2016-12-25,-6.8019187713671805
2016-12-26,-7.15760469966218
2016-12-27,-6.593463462793645
2016-12-28,-7.322609696491124
2016-12-29,-7.643888258131179
2016-12-30,-6.349947246068989
2016-12-31,-7.082543242839913
2017-01-01,-6.88061957778193
2017-01-02,-6.33962129749597
2017-01-03,-7.438586040694171
2017-01-04,-6.590497037369632
2017-01-05,-7.148857001809356
2017-01-06,-6.885704669281498
2017-01-07,-6.749244253995132
2017-01-08,-7.501321921043864
2017-01-09,-7.106530386034343
2017-01-10,-6.007560003871763
2017-01-11,-6.206079218099051
2017-01-12,-6.64667677818543
2017-01-13,-6.46009125945084
2017-01-14,-6.695194036322203
2017-01-15,-5.836334617920828
2017-01-16,-6.581499756946265
2017-01-17,-6.332253063926661
2017-01-18,-5.842172974026816
2017-01-19,-6.771060779890448
2017-01-20,-5.5703502017517454
2017-01-21,-7.082537676381612
2017-01-22,-5.470250103313884
2017-01-23,-6.439384717149849
2017-01-24,-6.342593090822243
2017-01-25,-7.1346760407499605
2017-01-26,-6.385735341497533
2017-01-27,-6.647157337304254
2017-01-28,-6.400251593020974
2017-01-29,-6.134525633139585
2017-01-30,-5.556692496970843
2017-01-31,-5.901790167405814
2017-02-01,-5.822051316676513
2017-02-02,-6.494250188801683
2017-02-03,-6.357780140594137
2017-02-04,-4.989273545872251
2017-02-05,-6.227798402156102
2017-02-06,-5.003992874255953
2017-02-07,-5.925872316522524
2017-02-08,-5.775796280330047
2017-02-09,-5.214718122664168
2017-02-10,-5.08728487068135
2017-02-11,-5.752345557125942
2017-02-12,
2017-02-13,-5.673480347879218
2017-02-14,-5.451429226552772
2017-02-15,-5.150052257755723
2017-02-16,-5.569300835964722
2017-02-17,-5.2381070217801184
2017-02-18,-4.704934513258254
2017-02-19,-5.310460520163225
2017-02-20,
2017-02-21,-6.215909939451473
2017-02-22,-6.75017106487897
2017-02-23,-5.219432767494549
2017-02-24,
2017-02-25,-5.6300556765661725
2017-02-26,-5.231140427995632
2017-02-27,-5.363835987420103
2017-02-28,-4.750965694709849
2017-03-01,-5.253520744376676
2017-03-02,-5.652262250034848
2017-03-03,-4.7664512476054055
2017-03-04,-5.353348104093429
2017-03-05,-4.965281821396723
2017-03-06,-5.451547313448412
2017-03-07,-5.522576049036408
2017-03-08,-5.1409324777621315
2017-03-09,-5.162493932273071
2017-03-10,-4.91542824705848
2017-03-11,-5.27664401614326
2017-03-12,-6.048030123182087
2017-03-13,-5.334319672303952
2017-03-14,-4.709662930135327
2017-03-15,-5.244459932285338
2017-03-16,-5.208726814610655
2017-03-17,-4.582676602050739
2017-03-18,-5.422750592829265
2017-03-19,
2017-03-20,-5.130596538087927
2017-03-21,-5.284990706463963
2017-03-22,-5.519228779503335
2017-03-23,-5.117577884306343
2017-03-24,-4.77850185710652
2017-03-25,-5.023849640713399
2017-03-26,-4.861251651787862
2017-03-27,-4.104162636801021
2017-03-28,-5.1790188313741226
2017-03-29,-4.865707587119942
2017-03-30,-5.25738147713162
2017-03-31,-5.424438558235492
2017-04-01,-5.292787887168675
2017-04-02,-5.239380441711459
2017-04-03,-4.820522184502718
2017-04-04,-3.8265728724656496
2017-04-05,-5.360574669977124
2017-04-06,-5.212898867387496
2017-04-07,-5.038771458918177
2017-04-08,-4.812523964426473
2017-04-09,-4.882450166951215
2017-04-10,
2017-04-11,-6.236787545279318
2017-04-12,-6.222617426513931
2017-04-13,-5.283235764311225
2017-04-14,-4.493372158746281
2017-04-15,-5.832151239649232
2017-04-16,-6.561025600479375
2017-04-17,-4.780076837294931
2017-04-18,-4.952867438716344
2017-04-19,-5.62939949254438
2017-04-20,-5.587231215926762
2017-04-21,-5.590063281329568
2017-04-22,-5.061214473064103
2017-04-23,-5.441487843421513
2017-04-24,-4.893700176575699
2017-04-25,-6.580997585522786
2017-04-26,-5.595608659175207
2017-04-27,-5.744250539725934
2017-04-28,-5.323972936325873
2017-04-29,-5.479939405292166
2017-04-30,-4.827635983886128
2017-05-01,-6.172393397508026
2017-05-02,-5.236666417297496
2017-05-03,-4.997446155588435
2017-05-04,-4.366002838180099
2017-05-05,-5.55342646748819
2017-05-06,-5.169030450777829
2017-05-07,-6.252401227334465
2017-05-08,-6.566146133824343
2017-05-09,-4.967961337892451
2017-05-10,-5.413785488490829
2017-05-11,-4.842876021734951
2017-05-12,-6.140424793343675
2017-05-13,-5.215820829457332
2017-05-14,-4.563862572930165
2017-05-15,-5.311362668629519
2017-05-16,-5.406306295751628
2017-05-17,-5.564131261022499
2017-05-18,-6.378085913604934
2017-05-19,-4.939511059725996
2017-05-20,-5.947787853930059
2017-05-21,-5.415580660086535
2017-05-22,
2017-05-23,-6.309653615845193
2017-05-24,-5.0290029073722256
2017-05-25,-5.9471914918794155
2017-05-26,-5.074259278939428
2017-05-27,-5.867723849914558
2017-05-28,-6.7776155438735195
2017-05-29,-5.439029325268564
2017-05-30,-6.208735679510934
2017-05-31,-5.593492936529614
2017-06-01,-5.959592563611334
2017-06-02,-6.77342190859437
2017-06-03,-5.949675574036764
2017-06-04,-4.96395804690834
2017-06-05,-5.846100598680074
2017-06-06,-6.152145430477688
2017-06-07,-5.616766983056193
2017-06-08,-6.080406796689941
2017-06-09,-6.112517211746551
2017-06-10,-6.7948718287043
2017-06-11,-6.164132360928345
2017-06-12,-5.795544543798744
2017-06-13,-6.763710421805817
2017-06-14,-5.666038152889518
2017-06-15,-6.456929768498961
2017-06-16,-6.8879264769717
2017-06-17,-5.978355164517557
2017-06-18,-6.653852516074609
2017-06-19,-6.1641270138139
2017-06-20,-6.723327804964908
2017-06-21,-6.641050631669614
2017-06-22,-6.398161599458772
2017-06-23,-6.533402382015
2017-06-24,-7.71062104340224
2017-06-25,-7.307566236369825
2017-06-26,-6.316403470306772
2017-06-27,-6.881405627059978
2017-06-28,-7.1114864985561805
2017-06-29,-7.563235868971166
2017-06-30,-7.458179377551325
2017-07-01,-7.96359706549052
2017-07-02,-7.0377386309545376
2017-07-03,-7.3207214058175545
2017-07-04,-7.539194541973066
2017-07-05,-7.124343748131926
2017-07-06,-6.942651443282289
2017-07-07,-6.112355633742279
2017-07-08,-7.9491671135439965
2017-07-09,-6.647748507521623
2017-07-10,-6.775034571205984
2017-07-11,-7.685200636629414
2017-07-12,-7.228017716021386
2017-07-13,-7.592336199851539
2017-07-14,-7.304451595550969
2017-07-15,-6.676389123391184
2017-07-16,-7.161682731702484
2017-07-17,-7.243575430490816
2017-07-18,-7.7462807155854385
2017-07-19,-8.306243657826
2017-07-20,-7.701371739997638
2017-07-21,-7.026579164025945
2017-07-22,-8.426026383898197
2017-07-23,-8.222350326456905
2017-07-24,-7.663829356848769
2017-07-25,-8.251233079872714
2017-07-26,-8.186885301087433
2017-07-27,-8.033906800238158
2017-07-28,-8.536156868474924
2017-07-29,-8.37139722704233
2017-07-30,-7.563348793754839
2017-07-31,-8.599203309688031
2017-08-01,-8.77463035813204
2017-08-02,-8.320593929325554
2017-08-03,-7.669193269251457
2017-08-04,-8.162915181693315
2017-08-05,-8.32571308479499
2017-08-06,-8.099887853698927
2017-08-07,-9.023233637853778
2017-08-08,-7.930999347577075
2017-08-09,-8.01425821843712
2017-08-10,-8.437896663239128
2017-08-11,-7.757181926070523
2017-08-12,-8.850421090285497
2017-08-13,-7.748866655769088
2017-08-14,-8.261333946284886
2017-08-15,-8.532220593120002
2017-08-16,-8.398841021901902
2017-08-17,-8.467085494060695
2017-08-18,-7.827442306367983
2017-08-19,-8.999628557572487
2017-08-20,-8.865821433747271
2017-08-21,-7.989243882749578
2017-08-22,-8.827550248460167
2017-08-23,-8.101451006948164
2017-08-24,-7.723475140668844
2017-08-25,-8.79510069904521
2017-08-26,-8.274060325317036
2017-08-27,-9.211648104319758
2017-08-28,-8.277012025458587
2017-08-29,-8.573753835075603
2017-08-30,-8.455538635103364
2017-08-31,-9.03293505319709
2017-09-01,
2017-09-02,-8.493182081235163
2017-09-03,-9.793067289100025
2017-09-04,-8.936077341779852
2017-09-05,-8.322321583371133
2017-09-06,-8.711943517908276
2017-09-07,-7.8481659482704185
2017-09-08,-8.323688320277986
2017-09-09,-9.176554342819806
2017-09-10,-8.848763382898671
2017-09-11,-8.898369228200975
2017-09-12,-9.677481313586235
2017-09-13,-9.36774323112207
2017-09-14,-9.188513553605606
2017-09-15,-9.936268031496194
2017-09-16,
2017-09-17,
2017-09-18,-9.78126206289978
2017-09-19,-8.750446789535197
2017-09-20,
2017-09-21,-8.852776708011854
2017-09-22,-9.134326584287676
2017-09-23,-8.681986336965247
2017-09-24,-8.642426913319104
2017-09-25,-8.833078324791941
2017-09-26,-9.40274133076484
2017-09-27,-8.855200916887195
2017-09-28,-8.398237159218457
2017-09-29,-9.296177557075579
2017-09-30,-7.950187701529575
2017-10-01,-9.262675598585103
2017-10-02,-8.983767594631368
2017-10-03,-9.335733045388315
2017-10-04,-8.88678229417582
2017-10-05,-9.867864659251923
2017-10-06,-9.26751994156305
2017-10-07,-9.537714667194404
2017-10-08,-8.92055055545834
2017-10-09,-8.486973357829084
2017-10-10,-8.65658411237687
2017-10-11,-10.160221255011464
2017-10-12,-7.947576862534127
2017-10-13,-8.81460928923299
2017-10-14,-9.34355573920983
2017-10-15,-8.869220512334518
2017-10-16,-8.851591482683245
2017-10-17,-9.264438690104457
2017-10-18,-8.82281251744396
2017-10-19,-9.215694831498304
2017-10-20,-9.103761741270175
2017-10-21,-9.233779661703812
2017-10-22,-9.595475616775955
2017-10-23,-8.79416554712815
2017-10-24,-8.561825374177737
2017-10-25,-8.583875835582296
2017-10-26,-8.417652672975713
2017-10-27,-8.65120203918817
2017-10-28,-9.064955132214504
2017-10-29,
2017-10-30,-9.44619946464496
2017-10-31,-9.201413676973496
2017-11-01,-9.21629714027404
2017-11-02,-8.17677501701413
2017-11-03,-8.227506701892922
2017-11-04,-8.436843520693193
2017-11-05,-8.125629101018347
2017-11-06,-9.081841626831777
2017-11-07,-8.448022924226636
2017-11-08,-8.664547876148164
2017-11-09,-8.157685741880638
2017-11-10,-8.617437161109532
2017-11-11,-8.730533162722873
2017-11-12,-8.245388995714203
2017-11-13,-8.055091645469213
2017-11-14,-8.804239945689284
2017-11-15,-8.477061286563666
2017-11-16,-8.951771820768455
2017-11-17,-9.647189109877589
2017-11-18,-8.273122144983452
2017-11-19,-8.04368624518192
2017-11-20,-8.191493545387916
2017-11-21,
2017-11-22,-8.445561342011723
2017-11-23,-9.352547660558644
2017-11-24,-7.531392445959998
2017-11-25,-8.731779604229015
2017-11-26,-7.53320805088825
2017-11-27,-7.659789044320833
2017-11-28,-8.55449786175988
2017-11-29,-8.641747229115108
2017-11-30,-7.871003498505102
2017-12-01,-8.438874894466565
2017-12-02,-7.935693962275375
2017-12-03,-8.198281435912861
2017-12-04,-8.81709505236781
2017-12-05,-9.01112388837802
2017-12-06,-7.751656680020666
2017-12-07,-8.114630635822774
2017-12-08,-8.07900287935207
2017-12-09,-7.422894799361773
2017-12-10,-7.152246228578555
2017-12-11,-7.843161703229088
2017-12-12,-7.844901491727306
2017-12-13,-7.392043791813592
2017-12-14,-8.287906251068105
2017-12-15,-7.4650047540452
2017-12-16,
2017-12-17,-7.170249722037941
2017-12-18,-8.44540150163938
2017-12-19,-7.824221950017426
2017-12-20,-7.8490638543507405
2017-12-21,-7.326255358019003
2017-12-22,-7.101981829336408
2017-12-23,-6.5600528914023855
2017-12-24,-7.521853548297232
2017-12-25,-7.489038579519299
2017-12-26,-6.631226748646988
2017-12-27,-7.023523739257515
2017-12-28,-6.503685061368291
2017-12-29,-6.9588047322338955
2017-12-30,-7.647354430583846
2017-12-31,-7.700967328225429
2018-01-01,-7.775756124529469
2018-01-02,-6.6345709317842445
2018-01-03,-6.336905467229279
2018-01-04,-5.972150195567991
2018-01-05,-6.440936516876096
2018-01-06,-6.246768502709848
2018-01-07,-7.0839454082404885
2018-01-08,-7.337955578007229
2018-01-09,-6.300589525678021
2018-01-10,-6.482751528754918
2018-01-11,-6.603923693609163
2018-01-12,-6.430115424459917
2018-01-13,-6.42847503083191
2018-01-14,-5.914547254960258
2018-01-15,-5.875482057203369
2018-01-16,-6.217524997583078
2018-01-17,-6.033545086776273
2018-01-18,-6.166387442368583
2018-01-19,-6.621146399798988
2018-01-20,-5.97960235417289
2018-01-21,-7.022645396157262
2018-01-22,-5.766164881303894
2018-01-23,-6.8582941029882605
2018-01-24,-6.08627163769399
2018-01-25,-6.620119008318083
2018-01-26,-5.889453745805332
2018-01-27,-6.151963808695998
2018-01-28,-6.901488100265896
2018-01-29,-5.863134339355785
2018-01-30,-6.332092747906959
2018-01-31,-5.572490356238845
2018-02-01,-5.982624279757774
2018-02-02,-5.756100900607727
2018-02-03,-6.403429724026388
2018-02-04,-6.190463430221849
2018-02-05,-6.096595451887644
2018-02-06,-5.410738904260517
2018-02-07,-4.972559142927281
2018-02-08,-6.186342876084366
2018-02-09,-5.218202147138074
2018-02-10,-6.81470208188937
2018-02-11,-6.300571080994715
2018-02-12,-6.156862278162103
2018-02-13,-6.328115421411141
2018-02-14,-6.418442234203489
2018-02-15,-5.395341942799988
2018-02-16,-5.684482344916299
2018-02-17,-5.363773850309965
2018-02-18,-5.184696308673356
2018-02-19,-5.374015274348919
2018-02-20,-5.15527515693012
2018-02-21,-5.496704424603298
2018-02-22,-6.033671649319434
2018-02-23,-4.889966115766503
2018-02-24,-5.6925954044339875
2018-02-25,-5.845477665224092
2018-02-26,-5.446758702276421
2018-02-27,-5.794811426024008
2018-02-28,-5.528219051779022
2018-03-01,-5.129072080255302
2018-03-02,-5.109026083793157
2018-03-03,-5.714717928650401
2018-03-04,-5.4927747007571135
2018-03-05,-4.695392802890882
2018-03-06,-4.968519551539254
2018-03-07,-4.163875097219682
2018-03-08,-4.596563768933643
2018-03-09,-4.60023816642671
2018-03-10,-5.852616641607417
2018-03-11,-4.76359473174738
2018-03-12,-5.159469618612611
2018-03-13,-5.396350929863004
2018-03-14,-5.025352235907475
2018-03-15,-4.6258134877690935
2018-03-16,-4.837625516809743
2018-03-17,-5.517466049556035
2018-03-18,-4.697756211575019
2018-03-19,-5.379107377103395
2018-03-20,-4.943873968687873
2018-03-21,-5.1963688647752395
2018-03-22,-5.14718386632439
2018-03-23,-4.648266823481679
2018-03-24,-5.545705285325933
2018-03-25,-4.047815256927392
2018-03-26,-5.9263459890637105
2018-03-27,-5.310614112222947
2018-03-28,-4.8232399880090115
2018-03-29,-4.713343874627656
2018-03-30,-5.053484047351569
2018-03-31,-5.0302776393648205
2018-04-01,-4.795234709951045
2018-04-02,-5.115563637427403
2018-04-03,-4.303549239440136
2018-04-04,-4.581168071788406
2018-04-05,-4.565724796727467
2018-04-06,-5.4871008770540115
2018-04-07,-5.046192912560066
2018-04-08,-5.1597977688128935
2018-04-09,
2018-04-10,-4.837380814469663
2018-04-11,-5.291115466048732
2018-04-12,-4.700005588391692
2018-04-13,-5.568801834002867
2018-04-14,-4.180766153387357
2018-04-15,-5.495613107122162
2018-04-16,-4.945533719155788
2018-04-17,-4.667568844572622
2018-04-18,-5.357705368826595
2018-04-19,-4.6556078982153
2018-04-20,-5.70645869878453
2018-04-21,-4.376397377528824
2018-04-22,-5.106532435603947
2018-04-23,-5.423521827055685
2018-04-24,-5.287170813389329
2018-04-25,-4.745935216646624
2018-04-26,-5.455984749356343
2018-04-27,-5.552341574046061
2018-04-28,-5.3028759129470675
2018-04-29,-5.7955685398038685
2018-04-30,-4.312325950370511
2018-05-01,-5.521831582747062
2018-05-02,-4.839383493299873
2018-05-03,-5.167530760608642
2018-05-04,-5.782118008061596
2018-05-05,-5.310919578422897
2018-05-06,-4.934532782275643
2018-05-07,-5.439751993050649
2018-05-08,-4.768641563424644
2018-05-09,-4.874500815004366
2018-05-10,-4.946339387096446
2018-05-11,-5.6566352539632945
2018-05-12,-5.98820367827677
2018-05-13,-5.777011021813147
2018-05-14,-5.394484200880807
2018-05-15,-5.242544829059856
2018-05-16,
2018-05-17,-5.566472846229027
2018-05-18,
2018-05-19,-5.749867923940016
2018-05-20,-4.99041878231113
2018-05-21,-5.450529183792048
2018-05-22,-5.032082893563674
2018-05-23,-5.821307219366121
2018-05-24,-5.271117071777789
2018-05-25,-4.949224376544956
2018-05-26,-5.138177541224721
2018-05-27,-6.367718622249768
2018-05-28,-5.976458117347244
2018-05-29,-6.05051510026815
2018-05-30,-5.6619501867246385
2018-05-31,-5.592368944797844
2018-06-01,-6.384275316506496
2018-06-02,-5.96049930348293
2018-06-03,-7.034269375193428
2018-06-04,-5.333509078526486
2018-06-05,-6.3411243681898455
2018-06-06,-6.087731726143611
2018-06-07,-6.301476690614187
2018-06-08,-5.604878703119228
2018-06-09,-7.628129643168844
2018-06-10,-6.249399483713864
2018-06-11,-6.325946153783038
2018-06-12,-6.5320125514272895
2018-06-13,-5.474444271578816
2018-06-14,-6.813781487969976
2018-06-15,-6.0169642766547256
2018-06-16,-6.257658280283117
2018-06-17,-5.838114318124131
2018-06-18,-6.835714925281222
2018-06-19,-6.901998601543744
2018-06-20,-6.021010416167833
2018-06-21,-6.3900434600745974
2018-06-22,-7.408949098155626
2018-06-23,-6.940016813917239
2018-06-24,-6.511154406134912
2018-06-25,-6.3195325375131794
2018-06-26,-7.112176297424572
2018-06-27,-8.26390259114606
2018-06-28,-6.5794338072842375
2018-06-29,
2018-06-30,-7.918387363513265
2018-07-01,-8.36026236601164
2018-07-02,-6.571506954374078
2018-07-03,-6.9485930031937215
2018-07-04,-7.160130444846587
2018-07-05,-6.387176601605212
2018-07-06,-6.797388797146011
2018-07-07,-6.342229131468548
2018-07-08,-7.8810304034742735
2018-07-09,-7.236166849274808
2018-07-10,-8.06141232115137
2018-07-11,-7.401836012751357
2018-07-12,-7.4454570160733144
2018-07-13,-7.0417514797425245
2018-07-14,-7.366080499524367
2018-07-15,-7.110847942024396
2018-07-16,-7.10439547587359
2018-07-17,-6.412080263102933
2018-07-18,-7.680477124665362
2018-07-19,-8.02646962913074
2018-07-20,-7.46588143591539
2018-07-21,-8.022853950056772
2018-07-22,-6.913340270025932
2018-07-23,-7.828342767465378
2018-07-24,
2018-07-25,-7.98659861795079
2018-07-26,-7.423506961386236
2018-07-27,-7.893132462324255
2018-07-28,-8.166394726030529
2018-07-29,-7.043937487213258
2018-07-30,-8.335491092393564
2018-07-31,-7.920147344998771
2018-08-01,-7.642023967472841
2018-08-02,-8.813804760585606
2018-08-03,-7.787671751915642
2018-08-04,-8.584716494452081
2018-08-05,-7.674819088949862
2018-08-06,-8.596262380825069
2018-08-07,-7.796948826680985
2018-08-08,-7.618474946467339
2018-08-09,-7.768384720222892
2018-08-10,-8.100801328480447
2018-08-11,-8.36910386448151
2018-08-12,-8.568286004576125
2018-08-13,-7.570802899245313
2018-08-14,-8.681925321805771
2018-08-15,-8.876174002757466
2018-08-16,-8.050018004902398
2018-08-17,-8.805423216551274
2018-08-18,-8.906622447298394
2018-08-19,-9.177205082537721
2018-08-20,-8.720239446922102
2018-08-21,-8.543086018746141
2018-08-22,-8.402682236947948
2018-08-23,-8.070623528991463
2018-08-24,
2018-08-25,-8.684430768109781
2018-08-26,-8.708749312406546
2018-08-27,
2018-08-28,-8.013245087482437
2018-08-29,-8.605583147304307
2018-08-30,-8.92202194516374
2018-08-31,-9.202106444081686
2018-09-01,-9.445988265011813
2018-09-02,-8.40745300851537
2018-09-03,-8.46828572650222
2018-09-04,-8.484760363612654
2018-09-05,-8.853414197128922
2018-09-06,-8.100730029914489
2018-09-07,-9.06083568802199
2018-09-08,-8.355182654785088
2018-09-09,-8.865687193424177
2018-09-10,-9.163443246276202
2018-09-11,-8.575404641011103
2018-09-12,-8.678699808856923
2018-09-13,-8.716322198854304
2018-09-14,-8.864899373405601
2018-09-15,-8.934651251713753
2018-09-16,-7.731117952997074
2018-09-17,-8.342205136997373
2018-09-18,-8.581377121874741
2018-09-19,-8.894773197051874
2018-09-20,-8.454399147183532
2018-09-21,-8.705705933498118
2018-09-22,-8.957745132196884
2018-09-23,-9.128190652621239
2018-09-24,-9.021843289154466
2018-09-25,-10.57098729501042
2018-09-26,-8.884276191569835
2018-09-27,-9.237028087692625
2018-09-28,-8.199078786278791
2018-09-29,-8.987775012754916
2018-09-30,-9.593370943951452
2018-10-01,-9.024679993787778
2018-10-02,-9.523059386580638
2018-10-03,-8.762962231683977
2018-10-04,-8.853267619538252
2018-10-05,-8.518305388613813
2018-10-06,-9.390558991405005
2018-10-07,-8.975416551290586
2018-10-08,-9.671644411654587
2018-10-09,-8.634510420906661
2018-10-10,-8.72135904985045
2018-10-11,-8.7278428087563
2018-10-12,-8.969301827964532
2018-10-13,-8.756507934978899
2018-10-14,-8.154926715006109
2018-10-15,
2018-10-16,-8.872442229107724
2018-10-17,-9.476299170390899
2018-10-18,
2018-10-19,-8.865558240099974
2018-10-20,-8.35226133398527
2018-10-21,-9.021568248418559
2018-10-22,-9.000025534146303
2018-10-23,-9.073592390955302
2018-10-24,-9.125057195933781
2018-10-25,-8.697172507403701
2018-10-26,-9.579720568544419
2018-10-27,-8.176513618811654
2018-10-28,-9.135048542777044
2018-10-29,-8.426206296928921
2018-10-30,-9.40644913546407
2018-10-31,-8.420797368106573
2018-11-01,-8.402493329007713
2018-11-02,-8.52909835649729
2018-11-03,-9.200638082393736
2018-11-04,-8.560370085174176
2018-11-05,-9.25789396954556
2018-11-06,-8.7734760974593
2018-11-07,-8.112629110413538
2018-11-08,-8.208744333532456
2018-11-09,-8.578787896620145
2018-11-10,-9.052597291496996
2018-11-11,-8.220751617006478
2018-11-12,-8.511749563863816
2018-11-13,-9.659042472819598
2018-11-14,-8.084570707448012
2018-11-15,-8.464566246143168
2018-11-16,-7.827358610546682
2018-11-17,-8.951931158230808
2018-11-18,-9.967943915929174
2018-11-19,-8.2149379472093
2018-11-20,-8.183185092704717
2018-11-21,-9.148396536816843
2018-11-22,-8.766018691282632
2018-11-23,-6.8724904253609225
2018-11-24,-8.37586505867511
2018-11-25,-7.830178794729797
2018-11-26,-8.49323291339961
2018-11-27,-9.184953564652105
2018-11-28,-8.196493068350053
2018-11-29,-8.215399184350286
2018-11-30,
2018-12-01,-8.081430774376122
2018-12-02,-7.862274021071062
2018-12-03,-8.039470171419614
2018-12-04,-8.566132933728545
2018-12-05,-7.660479183884799
2018-12-06,-8.847431805870395
2018-12-07,-8.86684074583342
2018-12-08,-7.440738797490734
2018-12-09,-7.525246147022727
2018-12-10,-7.775650757363163
2018-12-11,-8.41265308350726
2018-12-12,-8.036648498827109
2018-12-13,-7.781628579843078
2018-12-14,-8.415571946819572
2018-12-15,-7.954326282913776
2018-12-16,-7.225660720917583
2018-12-17,-6.805023849806201
2018-12-18,-7.695091065494479
2018-12-19,-7.073683039337999
2018-12-20,-8.375377046586454
2018-12-21,-7.054917389921389
2018-12-22,-7.7527993949723
2018-12-23,-7.1632307415676895
2018-12-24,-7.40676434449575
2018-12-25,-6.588582004787693
2018-12-26,-7.651834087482692
2018-12-27,-6.866576859759782
2018-12-28,-7.285844108070362
2018-12-29,-7.190910252815591
2018-12-30,
2018-12-31,-7.465839297728696
2019-01-01,-7.01565066835931
2019-01-02,-7.005521191162078
2019-01-03,-6.819180486092108
2019-01-04,-6.8631693816113195
2019-01-05,-6.472074010979171
2019-01-06,-6.375004461169944
2019-01-07,-7.327806219222348
2019-01-08,-6.333902542165648
2019-01-09,-7.3273198072427626
2019-01-10,-6.406165119666257
2019-01-11,-6.356253888718461
2019-01-12,-7.587910743728594
2019-01-13,-6.552000513921641
2019-01-14,-6.799094846383589
2019-01-15,-6.910714840024099
2019-01-16,-5.822530153398734
2019-01-17,-6.791568559561176
2019-01-18,-6.834848519599484
2019-01-19,-6.360911831769332
2019-01-20,-6.0232415921497555
2019-01-21,-6.40432552184048
2019-01-22,-5.717977947246581
2019-01-23,-6.00354417739133
2019-01-24,-7.326222761720128
2019-01-25,-6.470161426412121
2019-01-26,-6.4548949637932935
2019-01-27,-5.90308384126984
2019-01-28,-7.424216919868622
2019-01-29,-4.806610441206248
2019-01-30,-5.785181064769024
2019-01-31,-5.946115441793371
2019-02-01,-5.399919550954129
2019-02-02,-4.789324615268123
2019-02-03,
2019-02-04,-5.428572448163468
2019-02-05,-5.809030320602844
2019-02-06,-5.91686763640285
2019-02-07,-6.0560733647721445
2019-02-08,-6.203652242518311
2019-02-09,-6.106881782430184
2019-02-10,
2019-02-11,-5.747973188695022
2019-02-12,-6.52627128017447
2019-02-13,-5.562768701767835
2019-02-14,-5.651078792367725
2019-02-15,-5.53453690655318
2019-02-16,-5.8445733220035
2019-02-17,-4.020999496059216
2019-02-18,-4.855720163149161
2019-02-19,-6.134831082184885
2019-02-20,-5.373347664808563
2019-02-21,
2019-02-22,-5.952812626472234
2019-02-23,-6.094191059035731
2019-02-24,-5.187095256330826
2019-02-25,-5.7234148152261675
2019-02-26,-4.878811359441116
2019-02-27,-4.846317434150547
2019-02-28,-4.6372257900199205
2019-03-01,-5.731846708089305
2019-03-02,-5.049942246573389
2019-03-03,-4.9538763897619855
2019-03-04,-5.49018293600513
2019-03-05,-5.622487115154863
2019-03-06,-4.415869909669813
2019-03-07,-5.091437954929665
2019-03-08,
2019-03-09,-5.586932955362032
2019-03-10,-5.771699256785038
2019-03-11,-5.433487861742277
2019-03-12,-5.198027429982872
2019-03-13,-5.655932084124544
2019-03-14,-5.117105020700173
2019-03-15,-5.945354381604222
2019-03-16,-5.650606584531289
2019-03-17,
2019-03-18,-4.769347811867563
2019-03-19,-5.258366290642064
2019-03-20,-5.563068257183806
2019-03-21,-5.560221870742394
2019-03-22,-5.226066276416475
2019-03-23,-4.7106651296578965
2019-03-24,-4.562875841167602
2019-03-25,-5.269922708771075
2019-03-26,-5.593646631782029
2019-03-27,-4.8788090086871
2019-03-28,-5.4209167866840176
2019-03-29,-5.265283219303951
2019-03-30,-4.341116463408265
2019-03-31,-4.588385124254735
2019-04-01,-4.9217352695824514
2019-04-02,-5.636053131834615
2019-04-03,-4.894358357582905
2019-04-04,-4.469282821380279
2019-04-05,-5.189574776346667
2019-04-06,-4.327938687133553
2019-04-07,-4.359451673764348
2019-04-08,-4.176876597515603
2019-04-09,-4.859629390364078
2019-04-10,-4.72265125069179
2019-04-11,-4.313936598201134
2019-04-12,-4.802602024593919
2019-04-13,-5.2827688476669685
2019-04-14,-5.262858330623105
2019-04-15,-4.926324967748354
2019-04-16,-5.698477025564246
2019-04-17,-5.132995732760719
2019-04-18,-4.521836349359805
2019-04-19,-6.175051552980905
2019-04-20,-4.322066624576181
2019-04-21,-4.538569018795946
2019-04-22,-5.340649201470516
2019-04-23,-4.850641299498165
2019-04-24,-5.132888300634875
2019-04-25,-4.53214447318194
2019-04-26,-4.669023870514585
2019-04-27,-5.8741709654519525
2019-04-28,-4.894814861739407
2019-04-29,-5.306106527857599
2019-04-30,-5.177254522966992
2019-05-01,-5.5986620898677035
2019-05-02,-4.376935353302435
2019-05-03,-4.747918282479837
2019-05-04,-5.655292620685859
2019-05-05,-5.970677564065124
2019-05-06,-5.514675857453788
2019-05-07,-5.123552094952599
2019-05-08,-5.240155355021047
2019-05-09,-4.753631949562688
2019-05-10,-5.00565791117384
2019-05-11,-4.936725952638032
2019-05-12,-5.279442558908203
2019-05-13,-6.15934019775996
2019-05-14,-5.584814994352328
2019-05-15,-4.97964348613219
2019-05-16,-5.558613454848725
2019-05-17,-5.304904593474545
2019-05-18,-5.739848892344742
2019-05-19,-6.119825676291818
2019-05-20,-5.691449628033231
2019-05-21,-5.500517189337227
2019-05-22,-6.008546080460436
2019-05-23,-5.824609554472563
2019-05-24,-6.202919956669572
2019-05-25,-5.200375150479397
2019-05-26,-5.934401698297465
2019-05-27,-5.088331151961656
2019-05-28,-5.078220850974336
2019-05-29,
2019-05-30,
2019-05-31,-6.971222727465552
2019-06-01,-6.6934976437968405
2019-06-02,-6.673910337122031
2019-06-03,-5.327571693422518
2019-06-04,
2019-06-05,-5.882495329972851
2019-06-06,
2019-06-07,-6.737863980644873
2019-06-08,-5.726519268766134
2019-06-09,-6.058096084598933
2019-06-10,-6.306746057919513
2019-06-11,-5.982609442263122
2019-06-12,-5.479236410745342
2019-06-13,
2019-06-14,-6.327274202048047
2019-06-15,-6.298360558922962
2019-06-16,-5.231483245698637
2019-06-17,-7.510264641289266
2019-06-18,-6.1521830685597205
2019-06-19,-6.58455356153709
2019-06-20,-6.277264358470136
2019-06-21,-6.922964293632152
2019-06-22,-6.65250838679891
2019-06-23,-6.306178509500967
2019-06-24,-5.139386680599371
2019-06-25,-6.325871673618263
2019-06-26,-7.188050484495783
2019-06-27,-7.0100952746165515
2019-06-28,-7.059179947221397
2019-06-29,-7.764601512734924
2019-06-30,
2019-07-01,-6.569087554510519
2019-07-02,-7.607012954575335
2019-07-03,-6.480059277120256
2019-07-04,-6.794815627094488
2019-07-05,-7.440210680761753
2019-07-06,-7.178228190888332
2019-07-07,-6.342640020701307
2019-07-08,-6.80932260889638
2019-07-09,-7.205948169535628
2019-07-10,-7.363362893811418
2019-07-11,-7.2403255806838285
2019-07-12,-7.568538324325518
2019-07-13,-8.398965207556651
2019-07-14,-6.359332847080907
2019-07-15,-7.336478077467987
2019-07-16,-7.2486631683661855
2019-07-17,-7.510154407202901
2019-07-18,-7.882080268984465
2019-07-19,-7.6406531901554935
2019-07-20,-8.380395341273692
2019-07-21,-6.474989883776349
2019-07-22,-8.263442750315882
2019-07-23,-8.194632294274161
2019-07-24,-7.931040332587063
2019-07-25,-7.098924076088387
2019-07-26,-7.76753879261325
2019-07-27,-8.424463270189392
2019-07-28,-7.210589646360807
2019-07-29,-7.503374061596981
2019-07-30,-7.630515330725332
2019-07-31,-7.572457877678387
2019-08-01,-6.7634609387683415
2019-08-02,-6.898127062947067
2019-08-03,-8.36377164684626
2019-08-04,-7.237908986906339
2019-08-05,-7.887394228455369
2019-08-06,-7.858237968243882
2019-08-07,-8.982401033448987
2019-08-08,-8.249602002358985
2019-08-09,-8.598619849478682
2019-08-10,-7.805624787965206
2019-08-11,-7.71119917101316
2019-08-12,-9.310698892272537
2019-08-13,-8.310812608281836
2019-08-14,-7.76481925309354
2019-08-15,-8.444652005102462
2019-08-16,-8.01194334478328
2019-08-17,-8.225647755662274
2019-08-18,-8.254741049045371
2019-08-19,-8.585147480158756
2019-08-20,-9.081270291886971
2019-08-21,-9.056798983778762
2019-08-22,-8.163968972582863
2019-08-23,-8.53107803023918
2019-08-24,-8.6317692588631
2019-08-25,-8.795701763506012
2019-08-26,-8.757126111770294
2019-08-27,-8.101375931729713
2019-08-28,-8.812273195972436
2019-08-29,-9.334516159017173
2019-08-30,-8.310998162346229
2019-08-31,-8.803604655088137
2019-09-01,-8.703307260944696
2019-09-02,-7.932546229773681
2019-09-03,-8.763432041336264
2019-09-04,-8.624857519977159
2019-09-05,-9.37468508752889
2019-09-06,-8.910303777090071
2019-09-07,-8.510418949586228
2019-09-08,-9.607044618838046
2019-09-09,-8.742569648696131
2019-09-10,-8.80568573122668
2019-09-11,
2019-09-12,-8.362028519147678
2019-09-13,-8.724819081839756
2019-09-14,-8.163872876288451
2019-09-15,-9.410010968130035
2019-09-16,-8.854995160132862
2019-09-17,-8.889896249911066
2019-09-18,-9.475357341101212
2019-09-19,-8.470608751037407
2019-09-20,-7.793869088688609
2019-09-21,-8.971579395637608
2019-09-22,-8.716855525162172
2019-09-23,-8.932813775190796
2019-09-24,-9.336987835971005
2019-09-25,-9.89511215613035
2019-09-26,
2019-09-27,-9.688021129091132
2019-09-28,-8.142762141636359
2019-09-29,-9.054548972364575
2019-09-30,-9.171543791973324
2019-10-01,-8.555005803905182
2019-10-02,-9.560865147880428
2019-10-03,-9.383236666509829
2019-10-04,-8.964991789569352
2019-10-05,-8.483275160643997
2019-10-06,-8.744857726301849
2019-10-07,-8.868987710347433
2019-10-08,-8.950951641471462
2019-10-09,-8.786163932684351
2019-10-10,-8.88113898648267
2019-10-11,-9.492048659575152
2019-10-12,-8.94853494990131
2019-10-13,-9.502347508075855
2019-10-14,-8.918308901053202
2019-10-15,-9.191941481853455
2019-10-16,-7.674116523303583
2019-10-17,-8.955369146293368
2019-10-18,-9.628583634776538
2019-10-19,-8.984025782564911
2019-10-20,-8.647160877880792
2019-10-21,-8.05949858638847
2019-10-22,-9.179685957864928
2019-10-23,-9.664395153419784
2019-10-24,-8.452429764761137
2019-10-25,-9.538264072553712
2019-10-26,-9.052612046993463
2019-10-27,-8.9493713074091
2019-10-28,-8.840865796408501
2019-10-29,-8.44642040734984
2019-10-30,-9.117243356664344
2019-10-31,-8.896189044057639
2019-11-01,-8.749837184501974
2019-11-02,-8.65076492575935
2019-11-03,-8.659001591535256
2019-11-04,-8.471758166069248
2019-11-05,-8.249187146169563
2019-11-06,-8.455641183057313
2019-11-07,-8.405527977999624
2019-11-08,-9.403311792030507
2019-11-09,-8.566488751997907
2019-11-10,-8.33078023968719
2019-11-11,-8.184530082227903
2019-11-12,-8.873184358233068
2019-11-13,-8.83408503364177
2019-11-14,-8.768726933813667
2019-11-15,-8.190142394257917
2019-11-16,-7.917650015739671
2019-11-17,-8.614137277423685
2019-11-18,-7.931825385351685
2019-11-19,-8.299055873518936
2019-11-20,-8.397525221254627
2019-11-21,-8.415265841038092
2019-11-22,
2019-11-23,-8.094012784699707
2019-11-24,-7.091941168871454
2019-11-25,-8.62865446024564
2019-11-26,-7.915823692217785
2019-11-27,-8.411459788345068
2019-11-28,-8.553148143027013
2019-11-29,-8.095252600622748
2019-11-30,-7.992134679989226
2019-12-01,-6.572402118732224
2019-12-02,-8.093934546513932
2019-12-03,-8.537027278847448
2019-12-04,-7.805221218724913
2019-12-05,-8.948556587567108
2019-12-06,-7.926455301856803
2019-12-07,-7.8414440638844685
2019-12-08,
2019-12-09,-7.299860319318167
2019-12-10,-8.006709777177475
2019-12-11,-7.798262104286609
2019-12-12,-8.073831707480554
2019-12-13,-8.222414354443835
2019-12-14,-7.47085264606959
2019-12-15,-8.229824584479392
2019-12-16,-7.767401547234611
2019-12-17,-8.02456562458706
2019-12-18,-7.2188716577218415
2019-12-19,-6.559586709769244
2019-12-20,-8.077548048643518
2019-12-21,-8.319589313138652
2019-12-22,-7.4217332100956686
2019-12-23,-7.317544245549909
2019-12-24,
2019-12-25,-7.4804813452133825
2019-12-26,-7.323485448584716
2019-12-27,-7.00518926712712
2019-12-28,-6.634451787591233
2019-12-29,-8.097868612066138
